zone,hour,day_of_week,congestion,avg_speed_kmh,incident
Banjara Hills,0,0,0.288,41.3,0
Banjara Hills,0,1,0.343,33.6,0
Banjara Hills,0,2,0.195,48.6,0
Banjara Hills,0,3,0.113,51.2,0
Banjara Hills,0,4,0.272,44.5,0
Banjara Hills,0,5,0.364,40.4,0
Banjara Hills,0,6,0.179,51.5,0
Banjara Hills,1,0,0.195,44.8,0
Banjara Hills,1,1,0.242,45.9,0
Banjara Hills,1,2,0.21,50.7,0
Banjara Hills,1,3,0.157,55.9,0
Banjara Hills,1,4,0.208,44.0,0
Banjara Hills,1,5,0.121,53.2,0
Banjara Hills,1,6,0.239,42.7,0
Banjara Hills,2,0,0.234,47.6,0
Banjara Hills,2,1,0.243,50.8,0
Banjara Hills,2,2,0.164,56.4,0
Banjara Hills,2,3,0.252,44.3,0
Banjara Hills,2,4,0.209,47.3,0
Banjara Hills,2,5,0.259,41.5,0
Banjara Hills,2,6,0.343,40.4,0
Banjara Hills,3,0,0.235,42.9,0
Banjara Hills,3,1,0.196,49.5,0
Banjara Hills,3,2,0.109,56.7,0
Banjara Hills,3,3,0.239,45.4,0
Banjara Hills,3,4,0.142,45.5,1
Banjara Hills,3,5,0.241,45.6,0
Banjara Hills,3,6,0.137,53.2,0
Banjara Hills,4,0,0.192,46.5,0
Banjara Hills,4,1,0.362,40.5,0
Banjara Hills,4,2,0.238,49.1,0
Banjara Hills,4,3,0.306,40.6,0
Banjara Hills,4,4,0.115,50.4,0
Banjara Hills,4,5,0.225,50.2,0
Banjara Hills,4,6,0.142,49.8,0
Banjara Hills,5,0,0.228,48.5,0
Banjara Hills,5,1,0.177,46.6,0
Banjara Hills,5,2,0.178,49.0,0
Banjara Hills,5,3,0.215,47.9,0
Banjara Hills,5,4,0.167,47.1,0
Banjara Hills,5,5,0.169,51.7,0
Banjara Hills,5,6,0.098,54.8,0
Banjara Hills,6,0,0.131,49.9,0
Banjara Hills,6,1,0.288,49.5,0
Banjara Hills,6,2,0.208,46.1,0
Banjara Hills,6,3,0.251,45.0,0
Banjara Hills,6,4,0.297,47.9,0
Banjara Hills,6,5,0.048,54.7,0
Banjara Hills,6,6,0.186,44.0,0
Banjara Hills,7,0,0.071,58.9,0
Banjara Hills,7,1,0.134,50.4,0
Banjara Hills,7,2,0.27,44.8,0
Banjara Hills,7,3,0.29,44.6,0
Banjara Hills,7,4,0.112,52.0,0
Banjara Hills,7,5,0.271,38.8,0
Banjara Hills,7,6,0.322,38.8,0
Banjara Hills,8,0,0.705,14.3,0
Banjara Hills,8,1,0.883,5.0,0
Banjara Hills,8,2,0.886,11.8,0
Banjara Hills,8,3,0.881,5.0,0
Banjara Hills,8,4,0.808,11.9,0
Banjara Hills,8,5,0.858,8.9,0
Banjara Hills,8,6,0.774,14.1,0
Banjara Hills,9,0,0.811,14.4,0
Banjara Hills,9,1,0.821,12.2,0
Banjara Hills,9,2,0.944,6.9,0
Banjara Hills,9,3,0.742,16.7,0
Banjara Hills,9,4,0.869,10.1,0
Banjara Hills,9,5,0.864,5.0,0
Banjara Hills,9,6,0.891,5.0,0
Banjara Hills,10,0,0.778,14.5,0
Banjara Hills,10,1,0.752,20.5,0
Banjara Hills,10,2,0.805,5.8,0
Banjara Hills,10,3,0.781,12.8,0
Banjara Hills,10,4,0.754,16.4,0
Banjara Hills,10,5,0.798,12.3,0
Banjara Hills,10,6,0.888,6.3,0
Banjara Hills,11,0,0.262,44.6,0
Banjara Hills,11,1,0.072,58.2,0
Banjara Hills,11,2,0.149,55.0,0
Banjara Hills,11,3,0.066,53.5,0
Banjara Hills,11,4,0.331,39.5,0
Banjara Hills,11,5,0.197,47.5,0
Banjara Hills,11,6,0.28,43.3,0
Banjara Hills,12,0,0.544,26.6,0
Banjara Hills,12,1,0.462,31.5,0
Banjara Hills,12,2,0.604,21.6,0
Banjara Hills,12,3,0.575,24.6,0
Banjara Hills,12,4,0.413,30.7,0
Banjara Hills,12,5,0.46,28.6,1
Banjara Hills,12,6,0.517,29.4,0
Banjara Hills,13,0,0.419,34.3,0
Banjara Hills,13,1,0.506,26.3,0
Banjara Hills,13,2,0.373,38.6,0
Banjara Hills,13,3,0.592,29.8,0
Banjara Hills,13,4,0.493,34.1,0
Banjara Hills,13,5,0.539,26.9,0
Banjara Hills,13,6,0.622,20.1,1
Banjara Hills,14,0,0.399,33.0,0
Banjara Hills,14,1,0.323,42.1,0
Banjara Hills,14,2,0.411,36.2,0
Banjara Hills,14,3,0.565,21.5,0
Banjara Hills,14,4,0.675,19.7,0
Banjara Hills,14,5,0.459,36.7,0
Banjara Hills,14,6,0.5,32.0,0
Banjara Hills,15,0,0.296,42.6,0
Banjara Hills,15,1,0.244,46.8,0
Banjara Hills,15,2,0.272,50.9,0
Banjara Hills,15,3,0.228,46.9,0
Banjara Hills,15,4,0.163,49.6,0
Banjara Hills,15,5,0.17,52.2,0
Banjara Hills,15,6,0.193,46.2,0
Banjara Hills,16,0,0.284,41.4,0
Banjara Hills,16,1,0.204,55.2,0
Banjara Hills,16,2,0.094,56.9,0
Banjara Hills,16,3,0.233,44.5,0
Banjara Hills,16,4,0.077,52.1,0
Banjara Hills,16,5,0.217,50.0,0
Banjara Hills,16,6,0.246,47.4,0
Banjara Hills,17,0,0.808,11.1,0
Banjara Hills,17,1,0.874,8.1,0
Banjara Hills,17,2,0.783,14.8,0
Banjara Hills,17,3,0.913,5.0,0
Banjara Hills,17,4,0.681,19.2,0
Banjara Hills,17,5,0.84,10.0,0
Banjara Hills,17,6,0.845,9.6,0
Banjara Hills,18,0,0.721,18.3,0
Banjara Hills,18,1,0.761,7.7,0
Banjara Hills,18,2,0.742,15.3,0
Banjara Hills,18,3,0.863,8.5,0
Banjara Hills,18,4,0.807,9.3,0
Banjara Hills,18,5,0.788,8.3,0
Banjara Hills,18,6,0.688,20.9,0
Banjara Hills,19,0,0.774,8.9,0
Banjara Hills,19,1,0.795,11.8,0
Banjara Hills,19,2,0.838,9.4,0
Banjara Hills,19,3,0.854,9.0,0
Banjara Hills,19,4,0.892,8.0,0
Banjara Hills,19,5,0.776,13.6,0
Banjara Hills,19,6,0.61,21.6,0
Banjara Hills,20,0,0.679,17.9,0
Banjara Hills,20,1,0.896,6.5,0
Banjara Hills,20,2,0.822,5.0,0
Banjara Hills,20,3,0.831,7.9,0
Banjara Hills,20,4,0.773,14.2,0
Banjara Hills,20,5,0.8,11.6,0
Banjara Hills,20,6,0.838,7.6,0
Banjara Hills,21,0,0.191,47.1,0
Banjara Hills,21,1,0.162,48.6,0
Banjara Hills,21,2,0.286,40.0,0
Banjara Hills,21,3,0.061,56.9,0
Banjara Hills,21,4,0.134,52.6,0
Banjara Hills,21,5,0.291,41.9,0
Banjara Hills,21,6,0.236,46.3,0
Banjara Hills,22,0,0.225,53.0,0
Banjara Hills,22,1,0.116,56.1,0
Banjara Hills,22,2,0.163,45.9,0
Banjara Hills,22,3,0.102,55.6,0
Banjara Hills,22,4,0.28,43.0,0
Banjara Hills,22,5,0.33,34.8,0
Banjara Hills,22,6,0.105,51.9,0
Banjara Hills,23,0,0.285,46.5,0
Banjara Hills,23,1,0.143,53.9,0
Banjara Hills,23,2,0.288,37.6,0
Banjara Hills,23,3,0.273,44.7,0
Banjara Hills,23,4,0.079,54.4,0
Banjara Hills,23,5,0.309,40.2,0
Banjara Hills,23,6,0.226,47.3,0
Jubilee Hills,0,0,0.386,35.5,0
Jubilee Hills,0,1,0.171,51.1,0
Jubilee Hills,0,2,0.238,44.8,0
Jubilee Hills,0,3,0.204,56.2,0
Jubilee Hills,0,4,0.11,54.6,0
Jubilee Hills,0,5,0.283,34.5,1
Jubilee Hills,0,6,0.25,46.5,0
Jubilee Hills,1,0,0.212,52.3,0
Jubilee Hills,1,1,0.304,40.4,0
Jubilee Hills,1,2,0.282,47.6,0
Jubilee Hills,1,3,0.205,52.2,0
Jubilee Hills,1,4,0.248,45.1,0
Jubilee Hills,1,5,0.23,45.1,0
Jubilee Hills,1,6,0.185,46.6,0
Jubilee Hills,2,0,0.24,47.8,0
Jubilee Hills,2,1,0.274,49.1,0
Jubilee Hills,2,2,0.143,47.9,0
Jubilee Hills,2,3,0.169,51.9,0
Jubilee Hills,2,4,0.19,44.2,0
Jubilee Hills,2,5,0.238,41.8,0
Jubilee Hills,2,6,0.298,36.7,0
Jubilee Hills,3,0,0.25,42.5,0
Jubilee Hills,3,1,0.092,57.9,0
Jubilee Hills,3,2,0.065,55.1,0
Jubilee Hills,3,3,0.268,45.3,0
Jubilee Hills,3,4,0.25,41.1,0
Jubilee Hills,3,5,0.24,44.0,0
Jubilee Hills,3,6,0.202,52.2,0
Jubilee Hills,4,0,0.248,46.0,0
Jubilee Hills,4,1,0.077,54.7,0
Jubilee Hills,4,2,0.147,53.0,0
Jubilee Hills,4,3,0.151,53.2,0
Jubilee Hills,4,4,0.194,53.4,0
Jubilee Hills,4,5,0.237,43.6,0
Jubilee Hills,4,6,0.263,47.9,0
Jubilee Hills,5,0,0.301,39.7,0
Jubilee Hills,5,1,0.253,48.0,0
Jubilee Hills,5,2,0.103,52.2,0
Jubilee Hills,5,3,0.184,46.3,0
Jubilee Hills,5,4,0.065,52.4,0
Jubilee Hills,5,5,0.162,46.9,0
Jubilee Hills,5,6,0.109,54.5,0
Jubilee Hills,6,0,0.204,51.2,0
Jubilee Hills,6,1,0.192,46.1,0
Jubilee Hills,6,2,0.075,57.6,0
Jubilee Hills,6,3,0.182,47.6,0
Jubilee Hills,6,4,0.145,51.7,0
Jubilee Hills,6,5,0.445,30.5,0
Jubilee Hills,6,6,0.118,51.4,0
Jubilee Hills,7,0,0.202,49.9,0
Jubilee Hills,7,1,0.209,52.3,0
Jubilee Hills,7,2,0.264,36.9,0
Jubilee Hills,7,3,0.144,56.3,0
Jubilee Hills,7,4,0.253,47.9,0
Jubilee Hills,7,5,0.138,51.3,0
Jubilee Hills,7,6,0.179,50.7,0
Jubilee Hills,8,0,0.837,10.8,0
Jubilee Hills,8,1,0.734,16.6,0
Jubilee Hills,8,2,0.888,5.0,1
Jubilee Hills,8,3,0.744,14.8,0
Jubilee Hills,8,4,0.852,9.0,0
Jubilee Hills,8,5,0.949,5.0,0
Jubilee Hills,8,6,0.874,7.0,0
Jubilee Hills,9,0,0.723,20.5,0
Jubilee Hills,9,1,0.874,6.8,0
Jubilee Hills,9,2,0.872,6.9,0
Jubilee Hills,9,3,0.74,15.9,0
Jubilee Hills,9,4,0.907,6.5,0
Jubilee Hills,9,5,0.772,10.4,0
Jubilee Hills,9,6,0.834,14.5,0
Jubilee Hills,10,0,0.725,13.6,0
Jubilee Hills,10,1,0.889,5.0,0
Jubilee Hills,10,2,0.68,22.9,0
Jubilee Hills,10,3,0.943,7.7,0
Jubilee Hills,10,4,0.777,14.3,0
Jubilee Hills,10,5,0.67,21.7,0
Jubilee Hills,10,6,0.783,7.9,0
Jubilee Hills,11,0,0.163,50.4,0
Jubilee Hills,11,1,0.202,46.2,0
Jubilee Hills,11,2,0.144,53.2,0
Jubilee Hills,11,3,0.219,47.4,0
Jubilee Hills,11,4,0.202,50.8,0
Jubilee Hills,11,5,0.162,47.3,0
Jubilee Hills,11,6,0.279,40.7,0
Jubilee Hills,12,0,0.383,32.8,0
Jubilee Hills,12,1,0.669,17.2,0
Jubilee Hills,12,2,0.496,31.6,0
Jubilee Hills,12,3,0.53,26.7,0
Jubilee Hills,12,4,0.53,31.8,0
Jubilee Hills,12,5,0.6,25.7,0
Jubilee Hills,12,6,0.516,34.5,0
Jubilee Hills,13,0,0.495,33.8,0
Jubilee Hills,13,1,0.5,27.5,0
Jubilee Hills,13,2,0.394,42.9,0
Jubilee Hills,13,3,0.589,21.5,0
Jubilee Hills,13,4,0.604,29.1,0
Jubilee Hills,13,5,0.765,16.3,1
Jubilee Hills,13,6,0.498,34.0,0
Jubilee Hills,14,0,0.566,24.8,0
Jubilee Hills,14,1,0.465,30.6,0
Jubilee Hills,14,2,0.455,35.8,0
Jubilee Hills,14,3,0.541,23.7,0
Jubilee Hills,14,4,0.534,30.9,0
Jubilee Hills,14,5,0.411,33.5,0
Jubilee Hills,14,6,0.688,21.6,0
Jubilee Hills,15,0,0.224,52.8,0
Jubilee Hills,15,1,0.273,41.9,0
Jubilee Hills,15,2,0.385,37.5,0
Jubilee Hills,15,3,0.305,39.5,0
Jubilee Hills,15,4,0.327,37.0,0
Jubilee Hills,15,5,0.155,47.6,0
Jubilee Hills,15,6,0.302,43.2,0
Jubilee Hills,16,0,0.215,43.2,0
Jubilee Hills,16,1,0.27,42.3,0
Jubilee Hills,16,2,0.342,40.6,0
Jubilee Hills,16,3,0.097,58.8,0
Jubilee Hills,16,4,0.141,53.5,0
Jubilee Hills,16,5,0.132,49.1,0
Jubilee Hills,16,6,0.161,59.1,0
Jubilee Hills,17,0,0.77,14.0,0
Jubilee Hills,17,1,0.759,14.6,0
Jubilee Hills,17,2,0.768,13.8,0
Jubilee Hills,17,3,0.802,11.3,0
Jubilee Hills,17,4,0.737,13.3,1
Jubilee Hills,17,5,0.83,11.3,0
Jubilee Hills,17,6,0.886,5.4,0
Jubilee Hills,18,0,0.754,9.4,0
Jubilee Hills,18,1,0.812,12.9,0
Jubilee Hills,18,2,0.893,10.1,1
Jubilee Hills,18,3,0.906,6.0,0
Jubilee Hills,18,4,0.793,14.1,0
Jubilee Hills,18,5,0.913,5.7,0
Jubilee Hills,18,6,0.8,18.7,0
Jubilee Hills,19,0,0.766,11.9,0
Jubilee Hills,19,1,0.732,22.7,1
Jubilee Hills,19,2,0.619,22.5,0
Jubilee Hills,19,3,0.724,19.1,0
Jubilee Hills,19,4,0.827,8.8,0
Jubilee Hills,19,5,0.854,11.6,0
Jubilee Hills,19,6,0.857,5.0,0
Jubilee Hills,20,0,0.752,14.4,0
Jubilee Hills,20,1,0.78,13.5,0
Jubilee Hills,20,2,0.859,8.2,0
Jubilee Hills,20,3,0.718,13.7,1
Jubilee Hills,20,4,0.659,22.4,0
Jubilee Hills,20,5,0.73,20.4,0
Jubilee Hills,20,6,0.823,9.1,0
Jubilee Hills,21,0,0.19,46.4,1
Jubilee Hills,21,1,0.208,48.6,0
Jubilee Hills,21,2,0.221,43.0,0
Jubilee Hills,21,3,0.22,51.3,0
Jubilee Hills,21,4,0.192,49.8,0
Jubilee Hills,21,5,0.284,44.7,0
Jubilee Hills,21,6,0.125,56.9,0
Jubilee Hills,22,0,0.248,42.1,0
Jubilee Hills,22,1,0.123,50.8,0
Jubilee Hills,22,2,0.175,43.3,0
Jubilee Hills,22,3,0.192,47.8,0
Jubilee Hills,22,4,0.181,46.3,0
Jubilee Hills,22,5,0.182,49.9,0
Jubilee Hills,22,6,0.37,40.1,0
Jubilee Hills,23,0,0.315,36.6,0
Jubilee Hills,23,1,0.117,52.6,0
Jubilee Hills,23,2,0.135,54.3,1
Jubilee Hills,23,3,0.187,51.9,0
Jubilee Hills,23,4,0.13,49.8,0
Jubilee Hills,23,5,0.175,50.5,0
Jubilee Hills,23,6,0.266,44.7,0
Hitech City,0,0,0.23,47.2,0
Hitech City,0,1,0.234,51.0,0
Hitech City,0,2,0.147,49.7,0
Hitech City,0,3,0.319,39.0,0
Hitech City,0,4,0.193,54.2,0
Hitech City,0,5,0.177,44.7,0
Hitech City,0,6,0.207,41.3,0
Hitech City,1,0,0.152,48.9,0
Hitech City,1,1,0.171,42.6,0
Hitech City,1,2,0.374,37.5,0
Hitech City,1,3,0.242,48.9,0
Hitech City,1,4,0.23,42.3,0
Hitech City,1,5,0.056,60.0,0
Hitech City,1,6,0.111,51.9,0
Hitech City,2,0,0.278,45.8,0
Hitech City,2,1,0.175,47.9,0
Hitech City,2,2,0.0,57.0,0
Hitech City,2,3,0.226,46.4,0
Hitech City,2,4,0.09,56.4,0
Hitech City,2,5,0.221,42.6,0
Hitech City,2,6,0.174,46.8,0
Hitech City,3,0,0.333,38.5,0
Hitech City,3,1,0.182,48.8,0
Hitech City,3,2,0.264,43.3,0
Hitech City,3,3,0.22,47.2,0
Hitech City,3,4,0.321,34.9,0
Hitech City,3,5,0.112,54.1,0
Hitech City,3,6,0.129,53.1,0
Hitech City,4,0,0.182,55.4,0
Hitech City,4,1,0.089,54.5,0
Hitech City,4,2,0.126,54.5,0
Hitech City,4,3,0.143,53.1,0
Hitech City,4,4,0.321,43.5,0
Hitech City,4,5,0.268,48.9,0
Hitech City,4,6,0.354,33.5,0
Hitech City,5,0,0.112,54.7,0
Hitech City,5,1,0.058,49.7,0
Hitech City,5,2,0.208,47.9,0
Hitech City,5,3,0.192,53.5,0
Hitech City,5,4,0.144,47.3,0
Hitech City,5,5,0.089,58.4,0
Hitech City,5,6,0.179,47.3,0
Hitech City,6,0,0.114,54.0,0
Hitech City,6,1,0.252,43.1,0
Hitech City,6,2,0.126,56.1,0
Hitech City,6,3,0.2,46.3,0
Hitech City,6,4,0.108,53.4,0
Hitech City,6,5,0.181,48.1,0
Hitech City,6,6,0.197,49.4,0
Hitech City,7,0,0.189,58.2,0
Hitech City,7,1,0.34,35.5,0
Hitech City,7,2,0.086,50.2,0
Hitech City,7,3,0.174,46.5,0
Hitech City,7,4,0.126,53.5,0
Hitech City,7,5,0.231,48.0,0
Hitech City,7,6,0.11,53.4,0
Hitech City,8,0,0.661,21.5,0
Hitech City,8,1,0.849,11.3,0
Hitech City,8,2,0.799,13.9,0
Hitech City,8,3,0.793,16.3,0
Hitech City,8,4,0.885,5.0,0
Hitech City,8,5,0.623,18.6,0
Hitech City,8,6,0.801,11.3,0
Hitech City,9,0,0.816,15.3,0
Hitech City,9,1,0.877,5.0,0
Hitech City,9,2,0.725,15.4,0
Hitech City,9,3,0.732,20.5,0
Hitech City,9,4,0.786,12.4,0
Hitech City,9,5,0.805,14.8,0
Hitech City,9,6,0.749,12.0,0
Hitech City,10,0,0.895,5.0,0
Hitech City,10,1,0.8,15.2,0
Hitech City,10,2,0.905,5.0,0
Hitech City,10,3,0.74,15.0,0
Hitech City,10,4,0.896,5.0,0
Hitech City,10,5,0.826,17.2,0
Hitech City,10,6,0.761,15.8,0
Hitech City,11,0,0.268,51.4,0
Hitech City,11,1,0.22,49.1,0
Hitech City,11,2,0.26,39.9,0
Hitech City,11,3,0.145,51.0,0
Hitech City,11,4,0.326,37.9,0
Hitech City,11,5,0.3,38.8,0
Hitech City,11,6,0.249,42.7,0
Hitech City,12,0,0.504,30.0,0
Hitech City,12,1,0.552,23.0,0
Hitech City,12,2,0.485,23.2,0
Hitech City,12,3,0.494,30.8,0
Hitech City,12,4,0.42,35.6,0
Hitech City,12,5,0.498,27.4,0
Hitech City,12,6,0.407,31.2,0
Hitech City,13,0,0.315,42.8,0
Hitech City,13,1,0.637,29.4,0
Hitech City,13,2,0.406,36.1,0
Hitech City,13,3,0.551,27.8,0
Hitech City,13,4,0.511,27.7,0
Hitech City,13,5,0.492,28.1,0
Hitech City,13,6,0.38,38.4,0
Hitech City,14,0,0.536,29.9,0
Hitech City,14,1,0.494,30.6,0
Hitech City,14,2,0.548,25.8,0
Hitech City,14,3,0.591,25.5,1
Hitech City,14,4,0.59,23.2,0
Hitech City,14,5,0.478,32.2,0
Hitech City,14,6,0.531,26.7,0
Hitech City,15,0,0.175,54.5,0
Hitech City,15,1,0.348,42.4,0
Hitech City,15,2,0.197,53.4,1
Hitech City,15,3,0.292,43.6,0
Hitech City,15,4,0.242,41.5,0
Hitech City,15,5,0.204,47.7,0
Hitech City,15,6,0.148,48.6,0
Hitech City,16,0,0.204,48.1,0
Hitech City,16,1,0.188,44.9,0
Hitech City,16,2,0.21,41.2,0
Hitech City,16,3,0.13,51.9,0
Hitech City,16,4,0.172,51.0,0
Hitech City,16,5,0.164,48.2,0
Hitech City,16,6,0.279,40.4,0
Hitech City,17,0,0.833,5.5,0
Hitech City,17,1,0.787,10.7,0
Hitech City,17,2,0.821,10.0,0
Hitech City,17,3,0.861,11.7,0
Hitech City,17,4,0.842,12.8,0
Hitech City,17,5,0.906,5.0,0
Hitech City,17,6,0.794,7.9,0
Hitech City,18,0,0.667,19.4,0
Hitech City,18,1,0.808,12.2,0
Hitech City,18,2,0.785,12.4,0
Hitech City,18,3,0.823,14.6,0
Hitech City,18,4,0.811,12.5,0
Hitech City,18,5,0.804,8.1,0
Hitech City,18,6,0.848,8.7,0
Hitech City,19,0,0.821,7.3,0
Hitech City,19,1,0.757,13.0,0
Hitech City,19,2,0.852,7.4,0
Hitech City,19,3,0.66,18.7,0
Hitech City,19,4,0.772,15.3,0
Hitech City,19,5,0.826,9.2,0
Hitech City,19,6,0.77,11.2,0
Hitech City,20,0,0.831,13.0,0
Hitech City,20,1,0.776,10.0,0
Hitech City,20,2,0.755,19.0,0
Hitech City,20,3,0.949,5.0,0
Hitech City,20,4,0.841,13.1,0
Hitech City,20,5,0.724,18.4,0
Hitech City,20,6,0.875,10.3,0
Hitech City,21,0,0.217,47.0,0
Hitech City,21,1,0.113,50.0,0
Hitech City,21,2,0.063,52.4,0
Hitech City,21,3,0.258,46.1,0
Hitech City,21,4,0.316,42.1,0
Hitech City,21,5,0.184,50.0,0
Hitech City,21,6,0.364,34.9,0
Hitech City,22,0,0.308,42.3,0
Hitech City,22,1,0.055,59.4,0
Hitech City,22,2,0.104,57.7,0
Hitech City,22,3,0.301,42.7,0
Hitech City,22,4,0.178,50.2,0
Hitech City,22,5,0.295,42.2,0
Hitech City,22,6,0.169,48.7,0
Hitech City,23,0,0.185,49.8,0
Hitech City,23,1,0.236,42.5,0
Hitech City,23,2,0.373,37.3,0
Hitech City,23,3,0.188,48.2,0
Hitech City,23,4,0.063,53.4,1
Hitech City,23,5,0.362,36.2,0
Hitech City,23,6,0.208,42.3,0
Gachibowli,0,0,0.063,57.4,0
Gachibowli,0,1,0.189,50.0,0
Gachibowli,0,2,0.176,54.4,1
Gachibowli,0,3,0.19,51.0,0
Gachibowli,0,4,0.083,55.9,0
Gachibowli,0,5,0.023,60.0,0
Gachibowli,0,6,0.326,44.6,0
Gachibowli,1,0,0.097,56.0,0
Gachibowli,1,1,0.219,42.2,0
Gachibowli,1,2,0.129,52.3,0
Gachibowli,1,3,0.278,44.5,0
Gachibowli,1,4,0.245,42.5,0
Gachibowli,1,5,0.35,42.0,0
Gachibowli,1,6,0.122,57.5,0
Gachibowli,2,0,0.169,49.8,0
Gachibowli,2,1,0.256,46.9,0
Gachibowli,2,2,0.162,47.4,0
Gachibowli,2,3,0.144,54.7,0
Gachibowli,2,4,0.087,56.8,0
Gachibowli,2,5,0.209,49.4,0
Gachibowli,2,6,0.329,36.4,0
Gachibowli,3,0,0.341,43.6,0
Gachibowli,3,1,0.117,48.0,0
Gachibowli,3,2,0.119,50.5,1
Gachibowli,3,3,0.276,40.2,0
Gachibowli,3,4,0.268,44.0,0
Gachibowli,3,5,0.141,54.1,0
Gachibowli,3,6,0.284,38.9,0
Gachibowli,4,0,0.111,53.3,0
Gachibowli,4,1,0.243,38.5,1
Gachibowli,4,2,0.213,45.9,0
Gachibowli,4,3,0.281,45.8,0
Gachibowli,4,4,0.126,54.1,0
Gachibowli,4,5,0.235,46.8,0
Gachibowli,4,6,0.298,43.3,0
Gachibowli,5,0,0.339,41.5,0
Gachibowli,5,1,0.13,50.1,0
Gachibowli,5,2,0.0,57.5,0
Gachibowli,5,3,0.173,47.6,1
Gachibowli,5,4,0.237,43.4,0
Gachibowli,5,5,0.104,53.3,0
Gachibowli,5,6,0.143,53.1,0
Gachibowli,6,0,0.219,45.0,0
Gachibowli,6,1,0.103,53.7,0
Gachibowli,6,2,0.184,46.6,0
Gachibowli,6,3,0.314,38.4,0
Gachibowli,6,4,0.23,46.7,0
Gachibowli,6,5,0.234,42.3,0
Gachibowli,6,6,0.185,48.9,0
Gachibowli,7,0,0.184,50.5,0
Gachibowli,7,1,0.125,51.4,0
Gachibowli,7,2,0.386,36.6,0
Gachibowli,7,3,0.166,50.2,0
Gachibowli,7,4,0.248,44.2,0
Gachibowli,7,5,0.181,48.0,0
Gachibowli,7,6,0.343,41.8,0
Gachibowli,8,0,0.703,20.4,0
Gachibowli,8,1,0.763,14.5,0
Gachibowli,8,2,0.798,15.6,0
Gachibowli,8,3,0.847,7.4,0
Gachibowli,8,4,0.834,9.5,0
Gachibowli,8,5,0.812,13.8,0
Gachibowli,8,6,0.822,6.4,0
Gachibowli,9,0,0.768,12.2,0
Gachibowli,9,1,0.879,10.0,0
Gachibowli,9,2,0.9,5.0,0
Gachibowli,9,3,0.743,20.5,0
Gachibowli,9,4,0.828,9.7,0
Gachibowli,9,5,0.614,22.3,0
Gachibowli,9,6,0.86,8.4,0
Gachibowli,10,0,0.866,7.6,0
Gachibowli,10,1,0.755,18.8,0
Gachibowli,10,2,0.796,12.9,0
Gachibowli,10,3,0.752,6.6,0
Gachibowli,10,4,0.794,6.4,0
Gachibowli,10,5,0.825,15.9,0
Gachibowli,10,6,0.754,17.8,0
Gachibowli,11,0,0.14,53.4,1
Gachibowli,11,1,0.31,40.9,0
Gachibowli,11,2,0.22,47.6,0
Gachibowli,11,3,0.346,42.5,1
Gachibowli,11,4,0.195,49.2,0
Gachibowli,11,5,0.236,42.1,0
Gachibowli,11,6,0.309,42.7,0
Gachibowli,12,0,0.47,27.2,0
Gachibowli,12,1,0.478,29.3,0
Gachibowli,12,2,0.499,33.9,0
Gachibowli,12,3,0.645,22.3,0
Gachibowli,12,4,0.57,25.4,0
Gachibowli,12,5,0.529,30.3,0
Gachibowli,12,6,0.566,28.6,0
Gachibowli,13,0,0.589,28.8,0
Gachibowli,13,1,0.492,31.6,0
Gachibowli,13,2,0.644,19.5,0
Gachibowli,13,3,0.602,23.0,0
Gachibowli,13,4,0.473,32.1,0
Gachibowli,13,5,0.51,29.4,0
Gachibowli,13,6,0.394,36.5,0
Gachibowli,14,0,0.416,34.5,0
Gachibowli,14,1,0.541,25.3,0
Gachibowli,14,2,0.678,17.8,0
Gachibowli,14,3,0.664,18.6,0
Gachibowli,14,4,0.54,26.1,0
Gachibowli,14,5,0.459,29.0,0
Gachibowli,14,6,0.665,20.8,0
Gachibowli,15,0,0.152,49.4,1
Gachibowli,15,1,0.126,51.2,0
Gachibowli,15,2,0.137,51.1,0
Gachibowli,15,3,0.252,41.7,0
Gachibowli,15,4,0.168,47.1,0
Gachibowli,15,5,0.184,48.6,1
Gachibowli,15,6,0.174,52.1,0
Gachibowli,16,0,0.094,53.6,0
Gachibowli,16,1,0.135,55.5,0
Gachibowli,16,2,0.18,45.0,0
Gachibowli,16,3,0.264,45.8,0
Gachibowli,16,4,0.265,45.3,0
Gachibowli,16,5,0.334,38.3,0
Gachibowli,16,6,0.199,48.4,0
Gachibowli,17,0,0.674,19.1,0
Gachibowli,17,1,0.793,12.7,0
Gachibowli,17,2,0.924,5.0,0
Gachibowli,17,3,0.806,9.5,0
Gachibowli,17,4,0.865,5.5,0
Gachibowli,17,5,0.803,8.4,0
Gachibowli,17,6,0.897,5.1,0
Gachibowli,18,0,0.714,17.7,0
Gachibowli,18,1,0.874,7.6,0
Gachibowli,18,2,0.867,14.3,0
Gachibowli,18,3,0.629,23.7,0
Gachibowli,18,4,0.806,9.1,0
Gachibowli,18,5,0.937,5.0,0
Gachibowli,18,6,0.646,19.5,0
Gachibowli,19,0,0.917,5.0,0
Gachibowli,19,1,0.899,8.2,0
Gachibowli,19,2,0.752,18.2,0
Gachibowli,19,3,0.747,13.3,0
Gachibowli,19,4,0.778,14.5,0
Gachibowli,19,5,0.888,5.0,0
Gachibowli,19,6,0.931,5.1,0
Gachibowli,20,0,0.824,9.2,0
Gachibowli,20,1,0.757,17.8,0
Gachibowli,20,2,0.877,5.5,0
Gachibowli,20,3,0.672,18.4,0
Gachibowli,20,4,0.76,8.3,0
Gachibowli,20,5,0.837,10.2,0
Gachibowli,20,6,0.781,6.8,0
Gachibowli,21,0,0.27,43.8,0
Gachibowli,21,1,0.266,46.9,0
Gachibowli,21,2,0.209,45.5,0
Gachibowli,21,3,0.194,45.0,0
Gachibowli,21,4,0.211,52.6,1
Gachibowli,21,5,0.125,52.6,0
Gachibowli,21,6,0.182,49.1,0
Gachibowli,22,0,0.141,54.2,0
Gachibowli,22,1,0.241,44.8,0
Gachibowli,22,2,0.158,51.2,0
Gachibowli,22,3,0.131,48.9,0
Gachibowli,22,4,0.043,60.0,0
Gachibowli,22,5,0.216,50.4,0
Gachibowli,22,6,0.122,48.3,0
Gachibowli,23,0,0.222,49.9,0
Gachibowli,23,1,0.18,53.3,0
Gachibowli,23,2,0.162,48.7,0
Gachibowli,23,3,0.268,48.5,0
Gachibowli,23,4,0.229,45.5,0
Gachibowli,23,5,0.13,51.8,0
Gachibowli,23,6,0.288,40.9,0
Kondapur,0,0,0.251,54.3,0
Kondapur,0,1,0.144,50.7,0
Kondapur,0,2,0.161,52.5,0
Kondapur,0,3,0.244,42.4,0
Kondapur,0,4,0.254,43.9,0
Kondapur,0,5,0.253,43.9,1
Kondapur,0,6,0.206,46.5,0
Kondapur,1,0,0.181,49.6,0
Kondapur,1,1,0.217,47.2,0
Kondapur,1,2,0.263,45.5,0
Kondapur,1,3,0.243,44.7,0
Kondapur,1,4,0.143,50.1,0
Kondapur,1,5,0.213,49.3,0
Kondapur,1,6,0.153,52.2,0
Kondapur,2,0,0.309,37.1,0
Kondapur,2,1,0.349,38.2,0
Kondapur,2,2,0.289,44.5,1
Kondapur,2,3,0.152,53.6,0
Kondapur,2,4,0.227,44.2,0
Kondapur,2,5,0.103,56.3,0
Kondapur,2,6,0.141,51.7,0
Kondapur,3,0,0.213,47.4,0
Kondapur,3,1,0.243,43.9,0
Kondapur,3,2,0.171,51.1,0
Kondapur,3,3,0.109,55.7,0
Kondapur,3,4,0.196,52.5,0
Kondapur,3,5,0.108,52.9,0
Kondapur,3,6,0.253,46.2,0
Kondapur,4,0,0.289,43.6,0
Kondapur,4,1,0.285,44.5,0
Kondapur,4,2,0.254,44.3,0
Kondapur,4,3,0.228,47.5,0
Kondapur,4,4,0.123,49.2,0
Kondapur,4,5,0.222,42.0,0
Kondapur,4,6,0.215,46.8,0
Kondapur,5,0,0.152,48.7,0
Kondapur,5,1,0.18,47.1,0
Kondapur,5,2,0.067,57.2,0
Kondapur,5,3,0.228,45.7,0
Kondapur,5,4,0.269,46.2,0
Kondapur,5,5,0.234,47.2,0
Kondapur,5,6,0.273,42.9,0
Kondapur,6,0,0.226,49.3,0
Kondapur,6,1,0.411,35.5,0
Kondapur,6,2,0.274,47.4,0
Kondapur,6,3,0.276,39.3,0
Kondapur,6,4,0.061,55.9,0
Kondapur,6,5,0.158,50.0,0
Kondapur,6,6,0.227,51.4,0
Kondapur,7,0,0.196,48.0,0
Kondapur,7,1,0.143,50.1,0
Kondapur,7,2,0.334,42.0,0
Kondapur,7,3,0.0,59.6,1
Kondapur,7,4,0.317,35.7,0
Kondapur,7,5,0.264,47.7,0
Kondapur,7,6,0.18,44.2,0
Kondapur,8,0,0.65,22.3,0
Kondapur,8,1,0.798,10.3,0
Kondapur,8,2,0.824,9.6,0
Kondapur,8,3,0.768,10.9,0
Kondapur,8,4,0.764,16.8,0
Kondapur,8,5,0.705,14.4,0
Kondapur,8,6,0.81,16.4,0
Kondapur,9,0,0.761,14.4,0
Kondapur,9,1,0.912,5.0,0
Kondapur,9,2,0.793,11.5,0
Kondapur,9,3,0.83,11.2,0
Kondapur,9,4,0.881,9.9,0
Kondapur,9,5,0.959,5.0,1
Kondapur,9,6,0.711,16.4,0
Kondapur,10,0,0.807,15.2,1
Kondapur,10,1,0.807,10.5,0
Kondapur,10,2,0.704,18.5,0
Kondapur,10,3,0.884,5.0,0
Kondapur,10,4,0.763,15.2,0
Kondapur,10,5,0.89,6.0,0
Kondapur,10,6,0.863,7.5,0
Kondapur,11,0,0.275,40.9,0
Kondapur,11,1,0.252,43.6,0
Kondapur,11,2,0.076,56.4,0
Kondapur,11,3,0.352,37.2,0
Kondapur,11,4,0.037,59.1,0
Kondapur,11,5,0.241,44.6,0
Kondapur,11,6,0.187,47.2,0
Kondapur,12,0,0.468,29.0,0
Kondapur,12,1,0.473,36.3,0
Kondapur,12,2,0.539,32.3,0
Kondapur,12,3,0.463,31.0,0
Kondapur,12,4,0.518,31.2,0
Kondapur,12,5,0.428,38.0,0
Kondapur,12,6,0.515,27.3,0
Kondapur,13,0,0.63,21.6,0
Kondapur,13,1,0.432,37.4,0
Kondapur,13,2,0.492,33.1,0
Kondapur,13,3,0.417,34.7,0
Kondapur,13,4,0.51,30.9,0
Kondapur,13,5,0.506,33.1,0
Kondapur,13,6,0.623,24.4,1
Kondapur,14,0,0.41,32.7,0
Kondapur,14,1,0.547,24.5,0
Kondapur,14,2,0.454,29.5,0
Kondapur,14,3,0.485,34.7,0
Kondapur,14,4,0.463,29.4,1
Kondapur,14,5,0.488,27.6,0
Kondapur,14,6,0.442,35.7,0
Kondapur,15,0,0.273,42.8,0
Kondapur,15,1,0.131,52.4,0
Kondapur,15,2,0.152,48.6,0
Kondapur,15,3,0.161,50.8,0
Kondapur,15,4,0.221,46.1,0
Kondapur,15,5,0.137,55.9,0
Kondapur,15,6,0.199,46.4,0
Kondapur,16,0,0.059,51.3,0
Kondapur,16,1,0.22,46.4,0
Kondapur,16,2,0.2,49.5,0
Kondapur,16,3,0.24,42.5,0
Kondapur,16,4,0.089,52.4,0
Kondapur,16,5,0.043,58.1,0
Kondapur,16,6,0.127,56.1,0
Kondapur,17,0,0.87,5.0,1
Kondapur,17,1,0.764,12.3,0
Kondapur,17,2,0.828,14.9,0
Kondapur,17,3,0.871,11.3,0
Kondapur,17,4,0.906,7.0,1
Kondapur,17,5,0.722,19.2,0
Kondapur,17,6,0.759,14.6,0
Kondapur,18,0,0.852,5.0,0
Kondapur,18,1,0.626,25.9,0
Kondapur,18,2,0.795,17.0,0
Kondapur,18,3,0.829,6.9,0
Kondapur,18,4,0.711,19.4,0
Kondapur,18,5,0.779,15.4,0
Kondapur,18,6,0.75,16.6,0
Kondapur,19,0,0.777,11.9,0
Kondapur,19,1,1.0,5.0,0
Kondapur,19,2,0.74,21.2,0
Kondapur,19,3,0.842,12.4,0
Kondapur,19,4,0.798,16.7,0
Kondapur,19,5,0.847,7.6,0
Kondapur,19,6,0.952,5.0,0
Kondapur,20,0,0.871,11.1,0
Kondapur,20,1,0.725,16.9,0
Kondapur,20,2,0.78,11.6,0
Kondapur,20,3,0.926,5.9,0
Kondapur,20,4,0.832,6.3,0
Kondapur,20,5,0.821,9.9,0
Kondapur,20,6,0.801,11.4,0
Kondapur,21,0,0.28,41.0,0
Kondapur,21,1,0.248,46.5,0
Kondapur,21,2,0.265,44.1,0
Kondapur,21,3,0.31,45.4,0
Kondapur,21,4,0.182,44.4,0
Kondapur,21,5,0.162,58.1,0
Kondapur,21,6,0.204,44.4,0
Kondapur,22,0,0.173,52.0,0
Kondapur,22,1,0.281,45.4,0
Kondapur,22,2,0.161,46.1,1
Kondapur,22,3,0.184,51.1,0
Kondapur,22,4,0.185,49.2,0
Kondapur,22,5,0.127,49.9,0
Kondapur,22,6,0.2,50.6,0
Kondapur,23,0,0.215,41.7,0
Kondapur,23,1,0.11,51.0,0
Kondapur,23,2,0.108,55.5,0
Kondapur,23,3,0.196,45.1,0
Kondapur,23,4,0.247,48.0,0
Kondapur,23,5,0.244,48.8,0
Kondapur,23,6,0.283,36.6,0
Madhapur,0,0,0.111,49.7,0
Madhapur,0,1,0.316,45.0,0
Madhapur,0,2,0.163,57.5,0
Madhapur,0,3,0.241,43.4,0
Madhapur,0,4,0.193,48.1,0
Madhapur,0,5,0.2,46.9,0
Madhapur,0,6,0.267,40.3,0
Madhapur,1,0,0.329,39.3,0
Madhapur,1,1,0.149,51.0,0
Madhapur,1,2,0.1,52.1,0
Madhapur,1,3,0.256,43.1,0
Madhapur,1,4,0.275,40.4,0
Madhapur,1,5,0.206,46.0,0
Madhapur,1,6,0.134,49.7,0
Madhapur,2,0,0.221,44.6,0
Madhapur,2,1,0.217,53.4,0
Madhapur,2,2,0.102,58.1,0
Madhapur,2,3,0.151,51.8,0
Madhapur,2,4,0.003,58.9,0
Madhapur,2,5,0.336,38.4,0
Madhapur,2,6,0.015,56.7,0
Madhapur,3,0,0.349,39.9,0
Madhapur,3,1,0.149,49.5,0
Madhapur,3,2,0.193,48.8,0
Madhapur,3,3,0.12,49.5,0
Madhapur,3,4,0.19,49.6,0
Madhapur,3,5,0.17,54.2,0
Madhapur,3,6,0.026,58.6,0
Madhapur,4,0,0.082,53.9,0
Madhapur,4,1,0.296,41.2,0
Madhapur,4,2,0.29,40.1,0
Madhapur,4,3,0.151,51.0,0
Madhapur,4,4,0.245,46.8,0
Madhapur,4,5,0.24,47.9,0
Madhapur,4,6,0.173,46.5,0
Madhapur,5,0,0.284,40.1,0
Madhapur,5,1,0.251,44.6,0
Madhapur,5,2,0.396,37.9,0
Madhapur,5,3,0.278,37.0,0
Madhapur,5,4,0.09,58.2,1
Madhapur,5,5,0.2,49.2,0
Madhapur,5,6,0.375,40.6,0
Madhapur,6,0,0.294,39.2,0
Madhapur,6,1,0.275,44.9,0
Madhapur,6,2,0.156,51.0,0
Madhapur,6,3,0.159,51.1,0
Madhapur,6,4,0.143,48.4,0
Madhapur,6,5,0.257,42.9,0
Madhapur,6,6,0.253,47.7,0
Madhapur,7,0,0.275,46.5,0
Madhapur,7,1,0.156,56.2,0
Madhapur,7,2,0.277,43.2,0
Madhapur,7,3,0.333,35.6,0
Madhapur,7,4,0.16,56.0,0
Madhapur,7,5,0.333,41.4,0
Madhapur,7,6,0.268,49.8,0
Madhapur,8,0,0.99,5.0,0
Madhapur,8,1,0.85,11.0,1
Madhapur,8,2,0.746,15.3,0
Madhapur,8,3,0.749,16.2,0
Madhapur,8,4,0.907,5.0,0
Madhapur,8,5,0.7,14.3,0
Madhapur,8,6,0.621,19.4,1
Madhapur,9,0,0.88,6.0,0
Madhapur,9,1,0.765,9.9,0
Madhapur,9,2,0.809,13.0,0
Madhapur,9,3,0.854,9.9,0
Madhapur,9,4,0.776,16.3,0
Madhapur,9,5,0.866,10.0,0
Madhapur,9,6,0.788,12.9,0
Madhapur,10,0,0.811,12.5,0
Madhapur,10,1,0.727,20.0,0
Madhapur,10,2,0.743,16.8,0
Madhapur,10,3,0.757,19.7,0
Madhapur,10,4,0.785,12.7,0
Madhapur,10,5,0.844,15.0,0
Madhapur,10,6,0.954,5.0,0
Madhapur,11,0,0.102,52.2,0
Madhapur,11,1,0.145,49.5,0
Madhapur,11,2,0.123,50.3,0
Madhapur,11,3,0.064,50.9,0
Madhapur,11,4,0.059,53.9,0
Madhapur,11,5,0.223,42.8,0
Madhapur,11,6,0.305,40.7,0
Madhapur,12,0,0.447,35.3,0
Madhapur,12,1,0.415,33.8,0
Madhapur,12,2,0.467,32.6,0
Madhapur,12,3,0.466,34.0,0
Madhapur,12,4,0.38,32.0,0
Madhapur,12,5,0.382,41.1,0
Madhapur,12,6,0.634,20.6,0
Madhapur,13,0,0.532,32.3,1
Madhapur,13,1,0.467,33.2,0
Madhapur,13,2,0.517,32.4,0
Madhapur,13,3,0.44,33.0,0
Madhapur,13,4,0.555,25.5,0
Madhapur,13,5,0.441,33.5,0
Madhapur,13,6,0.593,27.0,0
Madhapur,14,0,0.608,23.6,0
Madhapur,14,1,0.484,27.8,0
Madhapur,14,2,0.542,27.8,0
Madhapur,14,3,0.51,25.7,0
Madhapur,14,4,0.535,23.8,0
Madhapur,14,5,0.469,33.1,0
Madhapur,14,6,0.44,30.7,0
Madhapur,15,0,0.187,47.8,0
Madhapur,15,1,0.073,53.9,1
Madhapur,15,2,0.247,46.8,0
Madhapur,15,3,0.193,48.2,0
Madhapur,15,4,0.206,42.7,0
Madhapur,15,5,0.254,42.4,0
Madhapur,15,6,0.223,50.8,0
Madhapur,16,0,0.117,56.5,0
Madhapur,16,1,0.205,47.9,0
Madhapur,16,2,0.166,50.2,0
Madhapur,16,3,0.111,58.4,0
Madhapur,16,4,0.254,41.1,0
Madhapur,16,5,0.081,46.9,0
Madhapur,16,6,0.206,50.8,0
Madhapur,17,0,0.74,14.0,1
Madhapur,17,1,0.799,13.8,0
Madhapur,17,2,0.842,10.7,0
Madhapur,17,3,0.759,16.8,0
Madhapur,17,4,0.812,11.2,0
Madhapur,17,5,0.717,17.8,0
Madhapur,17,6,0.872,6.7,0
Madhapur,18,0,0.749,11.5,0
Madhapur,18,1,0.977,5.0,0
Madhapur,18,2,0.755,12.8,0
Madhapur,18,3,0.799,15.0,0
Madhapur,18,4,0.846,12.3,0
Madhapur,18,5,0.907,5.0,0
Madhapur,18,6,0.807,11.0,0
Madhapur,19,0,0.879,11.9,0
Madhapur,19,1,0.836,12.1,0
Madhapur,19,2,0.727,12.4,0
Madhapur,19,3,0.792,13.5,1
Madhapur,19,4,0.942,5.0,0
Madhapur,19,5,0.744,18.3,0
Madhapur,19,6,0.777,12.4,0
Madhapur,20,0,0.717,17.8,0
Madhapur,20,1,0.776,17.5,0
Madhapur,20,2,0.811,13.8,0
Madhapur,20,3,0.832,5.0,0
Madhapur,20,4,0.701,22.3,0
Madhapur,20,5,0.627,21.2,0
Madhapur,20,6,0.741,14.4,0
Madhapur,21,0,0.073,54.4,0
Madhapur,21,1,0.104,55.1,0
Madhapur,21,2,0.171,49.5,0
Madhapur,21,3,0.121,54.6,0
Madhapur,21,4,0.23,53.3,0
Madhapur,21,5,0.158,51.4,0
Madhapur,21,6,0.18,45.7,0
Madhapur,22,0,0.362,33.0,1
Madhapur,22,1,0.177,46.7,0
Madhapur,22,2,0.171,48.3,0
Madhapur,22,3,0.145,52.5,0
Madhapur,22,4,0.232,48.9,0
Madhapur,22,5,0.356,36.5,0
Madhapur,22,6,0.19,50.2,0
Madhapur,23,0,0.063,55.8,0
Madhapur,23,1,0.343,39.1,0
Madhapur,23,2,0.174,50.8,0
Madhapur,23,3,0.28,39.7,0
Madhapur,23,4,0.127,50.0,0
Madhapur,23,5,0.234,45.1,0
Madhapur,23,6,0.249,42.4,0
Kukatpally,0,0,0.296,39.7,0
Kukatpally,0,1,0.211,50.1,0
Kukatpally,0,2,0.259,42.9,0
Kukatpally,0,3,0.167,48.5,0
Kukatpally,0,4,0.206,54.0,0
Kukatpally,0,5,0.1,53.7,0
Kukatpally,0,6,0.239,40.7,0
Kukatpally,1,0,0.115,49.8,0
Kukatpally,1,1,0.188,51.1,0
Kukatpally,1,2,0.187,45.1,0
Kukatpally,1,3,0.209,41.9,0
Kukatpally,1,4,0.092,53.9,0
Kukatpally,1,5,0.332,41.5,0
Kukatpally,1,6,0.2,48.1,0
Kukatpally,2,0,0.091,50.4,0
Kukatpally,2,1,0.108,50.3,0
Kukatpally,2,2,0.175,52.2,0
Kukatpally,2,3,0.184,51.5,0
Kukatpally,2,4,0.34,37.8,0
Kukatpally,2,5,0.075,59.5,0
Kukatpally,2,6,0.29,41.2,0
Kukatpally,3,0,0.302,40.2,0
Kukatpally,3,1,0.218,49.8,0
Kukatpally,3,2,0.119,50.9,0
Kukatpally,3,3,0.167,47.8,0
Kukatpally,3,4,0.117,50.9,0
Kukatpally,3,5,0.221,45.9,0
Kukatpally,3,6,0.272,43.6,1
Kukatpally,4,0,0.283,41.5,0
Kukatpally,4,1,0.188,50.3,0
Kukatpally,4,2,0.207,46.8,0
Kukatpally,4,3,0.217,43.9,0
Kukatpally,4,4,0.239,51.7,0
Kukatpally,4,5,0.231,42.5,0
Kukatpally,4,6,0.331,44.6,0
Kukatpally,5,0,0.132,45.4,0
Kukatpally,5,1,0.165,54.8,0
Kukatpally,5,2,0.371,37.7,0
Kukatpally,5,3,0.111,57.0,0
Kukatpally,5,4,0.168,52.4,0
Kukatpally,5,5,0.158,48.5,0
Kukatpally,5,6,0.252,47.4,0
Kukatpally,6,0,0.234,41.5,0
Kukatpally,6,1,0.163,42.2,0
Kukatpally,6,2,0.146,49.7,0
Kukatpally,6,3,0.204,45.2,0
Kukatpally,6,4,0.089,51.2,0
Kukatpally,6,5,0.335,45.0,0
Kukatpally,6,6,0.12,48.5,0
Kukatpally,7,0,0.051,54.3,0
Kukatpally,7,1,0.122,48.7,0
Kukatpally,7,2,0.2,47.5,0
Kukatpally,7,3,0.14,46.2,0
Kukatpally,7,4,0.221,46.0,0
Kukatpally,7,5,0.336,42.3,0
Kukatpally,7,6,0.123,59.2,0
Kukatpally,8,0,0.851,6.0,0
Kukatpally,8,1,0.96,5.0,0
Kukatpally,8,2,0.92,5.0,0
Kukatpally,8,3,0.807,7.9,0
Kukatpally,8,4,0.908,7.7,0
Kukatpally,8,5,0.706,19.0,0
Kukatpally,8,6,0.805,11.4,0
Kukatpally,9,0,0.827,5.8,0
Kukatpally,9,1,0.808,15.2,1
Kukatpally,9,2,0.754,20.1,0
Kukatpally,9,3,0.737,16.9,0
Kukatpally,9,4,0.742,11.6,0
Kukatpally,9,5,0.8,11.9,0
Kukatpally,9,6,0.722,21.4,0
Kukatpally,10,0,0.674,20.1,0
Kukatpally,10,1,0.87,9.7,0
Kukatpally,10,2,0.739,10.9,0
Kukatpally,10,3,0.754,18.2,0
Kukatpally,10,4,0.746,17.3,0
Kukatpally,10,5,0.685,24.9,0
Kukatpally,10,6,0.901,5.0,0
Kukatpally,11,0,0.166,49.0,0
Kukatpally,11,1,0.347,43.4,0
Kukatpally,11,2,0.22,44.0,0
Kukatpally,11,3,0.261,47.4,0
Kukatpally,11,4,0.083,48.4,0
Kukatpally,11,5,0.108,54.8,0
Kukatpally,11,6,0.252,44.8,0
Kukatpally,12,0,0.565,26.1,0
Kukatpally,12,1,0.457,35.3,0
Kukatpally,12,2,0.473,32.0,0
Kukatpally,12,3,0.482,30.5,0
Kukatpally,12,4,0.556,22.1,0
Kukatpally,12,5,0.535,25.9,0
Kukatpally,12,6,0.492,31.8,0
Kukatpally,13,0,0.46,31.0,0
Kukatpally,13,1,0.471,31.1,0
Kukatpally,13,2,0.501,27.2,0
Kukatpally,13,3,0.468,30.7,0
Kukatpally,13,4,0.454,32.3,0
Kukatpally,13,5,0.628,17.3,0
Kukatpally,13,6,0.597,23.1,0
Kukatpally,14,0,0.471,29.9,0
Kukatpally,14,1,0.524,30.5,0
Kukatpally,14,2,0.709,19.9,0
Kukatpally,14,3,0.478,30.7,0
Kukatpally,14,4,0.416,37.3,0
Kukatpally,14,5,0.486,27.6,0
Kukatpally,14,6,0.522,25.6,0
Kukatpally,15,0,0.224,54.2,0
Kukatpally,15,1,0.158,51.2,0
Kukatpally,15,2,0.065,57.2,0
Kukatpally,15,3,0.183,51.0,0
Kukatpally,15,4,0.224,49.7,0
Kukatpally,15,5,0.259,44.1,0
Kukatpally,15,6,0.188,47.9,0
Kukatpally,16,0,0.331,40.8,0
Kukatpally,16,1,0.261,47.8,0
Kukatpally,16,2,0.192,50.3,0
Kukatpally,16,3,0.279,45.0,0
Kukatpally,16,4,0.202,49.1,0
Kukatpally,16,5,0.164,51.7,0
Kukatpally,16,6,0.324,40.8,0
Kukatpally,17,0,0.906,7.7,0
Kukatpally,17,1,0.714,22.0,0
Kukatpally,17,2,0.847,7.4,0
Kukatpally,17,3,0.731,14.3,1
Kukatpally,17,4,0.811,12.3,0
Kukatpally,17,5,0.769,16.5,0
Kukatpally,17,6,0.762,14.3,0
Kukatpally,18,0,0.858,5.1,0
Kukatpally,18,1,0.847,5.0,0
Kukatpally,18,2,0.865,11.0,0
Kukatpally,18,3,0.806,19.1,0
Kukatpally,18,4,0.801,9.1,0
Kukatpally,18,5,0.715,14.4,0
Kukatpally,18,6,0.882,5.0,0
Kukatpally,19,0,0.845,12.6,0
Kukatpally,19,1,0.748,16.9,0
Kukatpally,19,2,0.782,11.5,0
Kukatpally,19,3,0.789,13.9,0
Kukatpally,19,4,0.725,17.0,0
Kukatpally,19,5,0.864,9.2,0
Kukatpally,19,6,0.883,5.0,1
Kukatpally,20,0,0.751,13.0,0
Kukatpally,20,1,0.858,5.0,0
Kukatpally,20,2,0.75,18.2,0
Kukatpally,20,3,0.729,12.0,0
Kukatpally,20,4,0.814,9.2,0
Kukatpally,20,5,0.734,17.0,0
Kukatpally,20,6,0.847,12.8,0
Kukatpally,21,0,0.331,43.0,0
Kukatpally,21,1,0.233,50.4,0
Kukatpally,21,2,0.228,44.6,0
Kukatpally,21,3,0.186,45.9,0
Kukatpally,21,4,0.0,59.9,0
Kukatpally,21,5,0.291,36.3,0
Kukatpally,21,6,0.246,45.7,0
Kukatpally,22,0,0.166,51.5,0
Kukatpally,22,1,0.273,43.5,0
Kukatpally,22,2,0.277,44.1,0
Kukatpally,22,3,0.234,48.8,0
Kukatpally,22,4,0.218,44.9,0
Kukatpally,22,5,0.097,56.3,0
Kukatpally,22,6,0.315,38.2,0
Kukatpally,23,0,0.271,39.7,0
Kukatpally,23,1,0.411,39.0,0
Kukatpally,23,2,0.084,54.4,0
Kukatpally,23,3,0.167,54.6,0
Kukatpally,23,4,0.21,45.5,0
Kukatpally,23,5,0.208,50.2,0
Kukatpally,23,6,0.275,42.9,0
Ameerpet,0,0,0.166,52.5,0
Ameerpet,0,1,0.221,45.9,0
Ameerpet,0,2,0.164,50.3,0
Ameerpet,0,3,0.164,45.9,0
Ameerpet,0,4,0.14,53.9,0
Ameerpet,0,5,0.205,50.4,0
Ameerpet,0,6,0.221,49.1,0
Ameerpet,1,0,0.134,54.3,0
Ameerpet,1,1,0.389,38.8,0
Ameerpet,1,2,0.146,46.0,0
Ameerpet,1,3,0.142,54.3,0
Ameerpet,1,4,0.346,43.2,0
Ameerpet,1,5,0.334,36.7,0
Ameerpet,1,6,0.166,51.4,0
Ameerpet,2,0,0.25,43.5,0
Ameerpet,2,1,0.083,52.1,0
Ameerpet,2,2,0.224,49.3,0
Ameerpet,2,3,0.116,52.0,0
Ameerpet,2,4,0.125,57.6,0
Ameerpet,2,5,0.222,41.2,0
Ameerpet,2,6,0.119,50.7,0
Ameerpet,3,0,0.23,49.2,0
Ameerpet,3,1,0.203,51.3,0
Ameerpet,3,2,0.326,42.9,0
Ameerpet,3,3,0.217,49.1,0
Ameerpet,3,4,0.06,59.1,0
Ameerpet,3,5,0.19,48.0,0
Ameerpet,3,6,0.121,54.2,0
Ameerpet,4,0,0.224,44.2,0
Ameerpet,4,1,0.057,55.9,0
Ameerpet,4,2,0.248,47.2,0
Ameerpet,4,3,0.151,52.2,0
Ameerpet,4,4,0.212,47.8,0
Ameerpet,4,5,0.07,59.7,0
Ameerpet,4,6,0.25,45.8,0
Ameerpet,5,0,0.114,50.4,1
Ameerpet,5,1,0.224,46.6,0
Ameerpet,5,2,0.22,49.3,0
Ameerpet,5,3,0.198,48.8,0
Ameerpet,5,4,0.14,55.0,0
Ameerpet,5,5,0.121,51.8,0
Ameerpet,5,6,0.224,47.9,0
Ameerpet,6,0,0.308,36.9,0
Ameerpet,6,1,0.354,38.9,0
Ameerpet,6,2,0.207,43.4,0
Ameerpet,6,3,0.12,49.1,0
Ameerpet,6,4,0.226,48.1,0
Ameerpet,6,5,0.193,48.4,0
Ameerpet,6,6,0.166,53.7,0
Ameerpet,7,0,0.172,50.3,0
Ameerpet,7,1,0.175,48.6,1
Ameerpet,7,2,0.214,45.0,0
Ameerpet,7,3,0.247,44.0,0
Ameerpet,7,4,0.075,60.0,0
Ameerpet,7,5,0.255,44.5,0
Ameerpet,7,6,0.19,49.3,0
Ameerpet,8,0,0.772,11.1,0
Ameerpet,8,1,0.753,8.8,0
Ameerpet,8,2,0.767,14.5,0
Ameerpet,8,3,0.739,14.9,0
Ameerpet,8,4,0.738,14.0,0
Ameerpet,8,5,0.763,16.8,0
Ameerpet,8,6,0.747,19.8,0
Ameerpet,9,0,0.833,9.1,0
Ameerpet,9,1,0.793,12.0,0
Ameerpet,9,2,0.929,5.0,0
Ameerpet,9,3,0.821,6.6,0
Ameerpet,9,4,0.912,5.0,0
Ameerpet,9,5,0.702,20.1,0
Ameerpet,9,6,0.895,5.0,0
Ameerpet,10,0,0.755,8.2,0
Ameerpet,10,1,0.665,14.0,0
Ameerpet,10,2,0.848,7.1,0
Ameerpet,10,3,0.944,5.0,0
Ameerpet,10,4,0.889,6.4,0
Ameerpet,10,5,0.695,21.9,0
Ameerpet,10,6,0.74,23.6,0
Ameerpet,11,0,0.275,38.9,0
Ameerpet,11,1,0.116,51.2,0
Ameerpet,11,2,0.152,52.8,0
Ameerpet,11,3,0.236,44.9,0
Ameerpet,11,4,0.182,53.5,0
Ameerpet,11,5,0.227,48.8,0
Ameerpet,11,6,0.282,42.8,0
Ameerpet,12,0,0.6,26.6,1
Ameerpet,12,1,0.628,25.0,1
Ameerpet,12,2,0.548,25.8,0
Ameerpet,12,3,0.592,25.3,0
Ameerpet,12,4,0.448,36.2,0
Ameerpet,12,5,0.419,34.5,0
Ameerpet,12,6,0.473,30.9,0
Ameerpet,13,0,0.53,29.0,0
Ameerpet,13,1,0.52,29.6,0
Ameerpet,13,2,0.551,28.9,0
Ameerpet,13,3,0.453,38.8,0
Ameerpet,13,4,0.519,29.2,0
Ameerpet,13,5,0.484,28.8,0
Ameerpet,13,6,0.473,33.2,1
Ameerpet,14,0,0.291,48.3,0
Ameerpet,14,1,0.529,29.9,0
Ameerpet,14,2,0.54,25.0,0
Ameerpet,14,3,0.409,36.7,0
Ameerpet,14,4,0.599,24.4,0
Ameerpet,14,5,0.551,27.7,0
Ameerpet,14,6,0.445,32.1,0
Ameerpet,15,0,0.308,38.7,0
Ameerpet,15,1,0.18,46.6,0
Ameerpet,15,2,0.315,43.8,0
Ameerpet,15,3,0.22,41.3,0
Ameerpet,15,4,0.131,57.1,0
Ameerpet,15,5,0.142,49.7,0
Ameerpet,15,6,0.13,56.4,0
Ameerpet,16,0,0.069,58.0,0
Ameerpet,16,1,0.059,55.0,0
Ameerpet,16,2,0.215,43.8,0
Ameerpet,16,3,0.253,51.9,0
Ameerpet,16,4,0.18,49.5,0
Ameerpet,16,5,0.069,49.0,0
Ameerpet,16,6,0.234,43.6,0
Ameerpet,17,0,0.928,5.0,0
Ameerpet,17,1,0.936,5.0,0
Ameerpet,17,2,0.752,16.4,0
Ameerpet,17,3,0.956,5.0,0
Ameerpet,17,4,0.686,17.4,0
Ameerpet,17,5,0.833,6.9,0
Ameerpet,17,6,0.717,18.7,0
Ameerpet,18,0,0.75,10.7,0
Ameerpet,18,1,0.755,18.2,0
Ameerpet,18,2,0.849,5.0,0
Ameerpet,18,3,0.851,5.0,0
Ameerpet,18,4,0.779,11.8,0
Ameerpet,18,5,0.784,10.9,0
Ameerpet,18,6,0.903,5.0,0
Ameerpet,19,0,0.814,5.0,0
Ameerpet,19,1,0.719,14.1,0
Ameerpet,19,2,0.883,7.5,0
Ameerpet,19,3,0.786,10.3,0
Ameerpet,19,4,0.896,5.0,0
Ameerpet,19,5,0.902,5.0,0
Ameerpet,19,6,0.783,17.4,1
Ameerpet,20,0,0.843,7.2,0
Ameerpet,20,1,0.81,7.4,0
Ameerpet,20,2,0.851,16.5,0
Ameerpet,20,3,0.716,18.4,0
Ameerpet,20,4,0.747,15.6,0
Ameerpet,20,5,0.687,17.0,0
Ameerpet,20,6,0.719,24.4,0
Ameerpet,21,0,0.21,48.4,0
Ameerpet,21,1,0.231,49.2,0
Ameerpet,21,2,0.29,39.9,0
Ameerpet,21,3,0.264,44.6,0
Ameerpet,21,4,0.166,47.1,0
Ameerpet,21,5,0.215,44.8,0
Ameerpet,21,6,0.239,45.4,0
Ameerpet,22,0,0.194,46.9,0
Ameerpet,22,1,0.23,40.7,0
Ameerpet,22,2,0.11,50.1,0
Ameerpet,22,3,0.192,48.5,0
Ameerpet,22,4,0.113,59.7,0
Ameerpet,22,5,0.096,54.7,0
Ameerpet,22,6,0.065,57.3,0
Ameerpet,23,0,0.236,38.8,0
Ameerpet,23,1,0.274,46.6,0
Ameerpet,23,2,0.349,40.8,1
Ameerpet,23,3,0.227,47.5,1
Ameerpet,23,4,0.271,44.0,0
Ameerpet,23,5,0.092,50.9,0
Ameerpet,23,6,0.258,43.3,0
Secunderabad,0,0,0.03,55.4,0
Secunderabad,0,1,0.077,60.0,0
Secunderabad,0,2,0.171,49.3,0
Secunderabad,0,3,0.18,49.2,0
Secunderabad,0,4,0.067,58.1,0
Secunderabad,0,5,0.093,53.1,0
Secunderabad,0,6,0.324,40.6,0
Secunderabad,1,0,0.179,50.6,0
Secunderabad,1,1,0.103,54.8,0
Secunderabad,1,2,0.12,52.7,0
Secunderabad,1,3,0.242,51.4,0
Secunderabad,1,4,0.233,43.8,0
Secunderabad,1,5,0.199,44.8,0
Secunderabad,1,6,0.293,40.6,0
Secunderabad,2,0,0.084,52.3,0
Secunderabad,2,1,0.174,50.1,0
Secunderabad,2,2,0.105,56.6,1
Secunderabad,2,3,0.174,48.1,0
Secunderabad,2,4,0.267,43.8,0
Secunderabad,2,5,0.262,42.8,0
Secunderabad,2,6,0.208,46.2,0
Secunderabad,3,0,0.298,38.8,0
Secunderabad,3,1,0.106,50.0,0
Secunderabad,3,2,0.11,55.2,0
Secunderabad,3,3,0.297,46.7,0
Secunderabad,3,4,0.234,44.3,0
Secunderabad,3,5,0.126,57.7,0
Secunderabad,3,6,0.258,44.2,0
Secunderabad,4,0,0.183,50.7,0
Secunderabad,4,1,0.211,48.6,0
Secunderabad,4,2,0.195,45.4,0
Secunderabad,4,3,0.26,42.4,0
Secunderabad,4,4,0.142,48.7,0
Secunderabad,4,5,0.139,55.7,0
Secunderabad,4,6,0.144,56.6,0
Secunderabad,5,0,0.283,42.4,0
Secunderabad,5,1,0.231,45.8,1
Secunderabad,5,2,0.178,51.8,0
Secunderabad,5,3,0.173,49.3,0
Secunderabad,5,4,0.252,45.1,1
Secunderabad,5,5,0.167,47.8,0
Secunderabad,5,6,0.222,49.4,0
Secunderabad,6,0,0.119,54.5,0
Secunderabad,6,1,0.122,52.7,1
Secunderabad,6,2,0.218,51.8,0
Secunderabad,6,3,0.245,45.1,0
Secunderabad,6,4,0.193,45.6,0
Secunderabad,6,5,0.137,44.8,0
Secunderabad,6,6,0.234,46.4,0
Secunderabad,7,0,0.207,53.9,0
Secunderabad,7,1,0.228,47.4,0
Secunderabad,7,2,0.206,49.3,0
Secunderabad,7,3,0.208,52.2,0
Secunderabad,7,4,0.235,53.6,0
Secunderabad,7,5,0.301,41.8,0
Secunderabad,7,6,0.101,56.4,0
Secunderabad,8,0,0.776,10.3,0
Secunderabad,8,1,0.762,13.5,0
Secunderabad,8,2,0.867,7.3,0
Secunderabad,8,3,0.792,15.1,0
Secunderabad,8,4,0.713,16.5,0
Secunderabad,8,5,0.939,5.2,0
Secunderabad,8,6,0.785,11.6,0
Secunderabad,9,0,0.897,5.0,0
Secunderabad,9,1,0.845,5.1,0
Secunderabad,9,2,0.983,8.3,0
Secunderabad,9,3,0.777,10.6,0
Secunderabad,9,4,0.886,7.7,0
Secunderabad,9,5,0.871,9.5,0
Secunderabad,9,6,0.885,5.0,0
Secunderabad,10,0,0.867,5.6,0
Secunderabad,10,1,0.794,8.7,0
Secunderabad,10,2,0.881,5.0,0
Secunderabad,10,3,0.777,11.0,0
Secunderabad,10,4,0.769,12.0,0
Secunderabad,10,5,0.747,18.7,0
Secunderabad,10,6,0.979,5.0,0
Secunderabad,11,0,0.089,51.0,0
Secunderabad,11,1,0.317,45.4,0
Secunderabad,11,2,0.063,60.0,0
Secunderabad,11,3,0.14,49.0,0
Secunderabad,11,4,0.234,45.7,0
Secunderabad,11,5,0.27,48.1,1
Secunderabad,11,6,0.292,44.5,0
Secunderabad,12,0,0.551,23.0,0
Secunderabad,12,1,0.512,31.2,0
Secunderabad,12,2,0.475,32.4,1
Secunderabad,12,3,0.513,31.8,0
Secunderabad,12,4,0.412,36.0,1
Secunderabad,12,5,0.522,27.5,0
Secunderabad,12,6,0.395,37.7,0
Secunderabad,13,0,0.524,20.8,0
Secunderabad,13,1,0.675,17.3,0
Secunderabad,13,2,0.67,14.7,0
Secunderabad,13,3,0.564,23.5,0
Secunderabad,13,4,0.454,30.2,0
Secunderabad,13,5,0.552,29.6,0
Secunderabad,13,6,0.498,28.0,0
Secunderabad,14,0,0.378,35.3,0
Secunderabad,14,1,0.533,27.7,0
Secunderabad,14,2,0.4,32.4,0
Secunderabad,14,3,0.475,34.9,0
Secunderabad,14,4,0.469,30.6,0
Secunderabad,14,5,0.641,20.3,0
Secunderabad,14,6,0.333,40.0,0
Secunderabad,15,0,0.304,40.8,0
Secunderabad,15,1,0.167,45.6,0
Secunderabad,15,2,0.157,46.7,0
Secunderabad,15,3,0.119,51.9,0
Secunderabad,15,4,0.266,42.8,0
Secunderabad,15,5,0.168,48.8,0
Secunderabad,15,6,0.256,44.2,0
Secunderabad,16,0,0.201,51.3,0
Secunderabad,16,1,0.285,46.0,0
Secunderabad,16,2,0.161,52.4,0
Secunderabad,16,3,0.128,58.3,0
Secunderabad,16,4,0.23,47.7,0
Secunderabad,16,5,0.258,45.1,0
Secunderabad,16,6,0.215,43.8,0
Secunderabad,17,0,0.705,19.9,0
Secunderabad,17,1,0.728,9.1,0
Secunderabad,17,2,0.792,10.9,0
Secunderabad,17,3,0.663,20.8,0
Secunderabad,17,4,0.785,14.6,0
Secunderabad,17,5,0.983,5.0,0
Secunderabad,17,6,0.86,6.6,1
Secunderabad,18,0,0.866,13.0,0
Secunderabad,18,1,0.838,6.8,0
Secunderabad,18,2,0.794,12.2,0
Secunderabad,18,3,0.805,11.9,0
Secunderabad,18,4,0.672,20.3,0
Secunderabad,18,5,0.839,11.2,0
Secunderabad,18,6,0.889,6.3,0
Secunderabad,19,0,0.711,15.3,0
Secunderabad,19,1,0.869,5.0,0
Secunderabad,19,2,0.702,18.0,0
Secunderabad,19,3,0.843,7.4,0
Secunderabad,19,4,0.985,5.0,0
Secunderabad,19,5,0.708,17.6,0
Secunderabad,19,6,0.722,17.3,0
Secunderabad,20,0,0.835,15.4,0
Secunderabad,20,1,0.764,13.7,0
Secunderabad,20,2,0.866,6.1,1
Secunderabad,20,3,0.852,10.9,0
Secunderabad,20,4,0.868,7.0,1
Secunderabad,20,5,0.712,13.5,0
Secunderabad,20,6,0.874,5.0,0
Secunderabad,21,0,0.29,40.1,0
Secunderabad,21,1,0.124,49.0,0
Secunderabad,21,2,0.23,44.6,0
Secunderabad,21,3,0.173,50.0,0
Secunderabad,21,4,0.198,50.8,0
Secunderabad,21,5,0.275,45.5,0
Secunderabad,21,6,0.2,43.6,0
Secunderabad,22,0,0.214,47.0,0
Secunderabad,22,1,0.365,36.6,0
Secunderabad,22,2,0.168,49.7,0
Secunderabad,22,3,0.21,48.8,0
Secunderabad,22,4,0.227,45.8,1
Secunderabad,22,5,0.103,54.3,0
Secunderabad,22,6,0.118,50.8,0
Secunderabad,23,0,0.104,49.9,0
Secunderabad,23,1,0.223,48.5,0
Secunderabad,23,2,0.206,46.0,0
Secunderabad,23,3,0.109,51.1,0
Secunderabad,23,4,0.302,47.9,0
Secunderabad,23,5,0.156,48.2,0
Secunderabad,23,6,0.226,53.4,0
Dilsukhnagar,0,0,0.226,48.7,0
Dilsukhnagar,0,1,0.166,48.0,0
Dilsukhnagar,0,2,0.166,52.1,0
Dilsukhnagar,0,3,0.369,36.2,0
Dilsukhnagar,0,4,0.22,45.7,0
Dilsukhnagar,0,5,0.234,48.1,0
Dilsukhnagar,0,6,0.181,49.3,0
Dilsukhnagar,1,0,0.189,46.2,0
Dilsukhnagar,1,1,0.202,49.7,0
Dilsukhnagar,1,2,0.203,47.4,0
Dilsukhnagar,1,3,0.283,42.5,0
Dilsukhnagar,1,4,0.222,47.0,0
Dilsukhnagar,1,5,0.169,47.6,0
Dilsukhnagar,1,6,0.307,42.5,0
Dilsukhnagar,2,0,0.137,56.0,0
Dilsukhnagar,2,1,0.254,42.3,0
Dilsukhnagar,2,2,0.169,45.6,0
Dilsukhnagar,2,3,0.161,49.1,0
Dilsukhnagar,2,4,0.227,45.5,0
Dilsukhnagar,2,5,0.221,49.7,0
Dilsukhnagar,2,6,0.221,49.8,0
Dilsukhnagar,3,0,0.331,42.1,0
Dilsukhnagar,3,1,0.222,43.1,0
Dilsukhnagar,3,2,0.149,47.2,0
Dilsukhnagar,3,3,0.156,46.5,0
Dilsukhnagar,3,4,0.151,48.6,0
Dilsukhnagar,3,5,0.128,56.4,0
Dilsukhnagar,3,6,0.139,51.7,0
Dilsukhnagar,4,0,0.252,43.9,0
Dilsukhnagar,4,1,0.164,52.0,0
Dilsukhnagar,4,2,0.168,51.4,0
Dilsukhnagar,4,3,0.299,39.7,0
Dilsukhnagar,4,4,0.206,47.6,0
Dilsukhnagar,4,5,0.207,45.9,0
Dilsukhnagar,4,6,0.354,40.8,0
Dilsukhnagar,5,0,0.163,52.1,0
Dilsukhnagar,5,1,0.287,45.2,0
Dilsukhnagar,5,2,0.128,54.6,0
Dilsukhnagar,5,3,0.074,53.8,0
Dilsukhnagar,5,4,0.24,48.2,0
Dilsukhnagar,5,5,0.0,58.4,0
Dilsukhnagar,5,6,0.158,54.1,0
Dilsukhnagar,6,0,0.153,47.9,0
Dilsukhnagar,6,1,0.214,48.7,0
Dilsukhnagar,6,2,0.265,50.6,0
Dilsukhnagar,6,3,0.301,46.6,0
Dilsukhnagar,6,4,0.202,51.1,0
Dilsukhnagar,6,5,0.314,43.4,0
Dilsukhnagar,6,6,0.413,35.7,0
Dilsukhnagar,7,0,0.087,56.1,0
Dilsukhnagar,7,1,0.224,47.4,0
Dilsukhnagar,7,2,0.174,51.8,0
Dilsukhnagar,7,3,0.142,54.0,0
Dilsukhnagar,7,4,0.24,47.4,0
Dilsukhnagar,7,5,0.123,54.7,0
Dilsukhnagar,7,6,0.121,54.3,0
Dilsukhnagar,8,0,0.893,5.0,0
Dilsukhnagar,8,1,0.886,5.0,0
Dilsukhnagar,8,2,0.854,8.5,0
Dilsukhnagar,8,3,0.929,5.0,0
Dilsukhnagar,8,4,0.886,6.5,0
Dilsukhnagar,8,5,0.754,16.3,0
Dilsukhnagar,8,6,0.735,16.6,0
Dilsukhnagar,9,0,0.947,5.9,0
Dilsukhnagar,9,1,0.81,14.6,0
Dilsukhnagar,9,2,0.948,5.0,0
Dilsukhnagar,9,3,0.699,13.4,0
Dilsukhnagar,9,4,0.811,12.1,0
Dilsukhnagar,9,5,0.824,5.0,0
Dilsukhnagar,9,6,0.724,14.6,1
Dilsukhnagar,10,0,0.803,9.7,0
Dilsukhnagar,10,1,0.86,11.9,0
Dilsukhnagar,10,2,0.893,7.8,0
Dilsukhnagar,10,3,0.945,5.0,0
Dilsukhnagar,10,4,0.824,10.8,0
Dilsukhnagar,10,5,0.706,19.0,0
Dilsukhnagar,10,6,0.849,9.8,0
Dilsukhnagar,11,0,0.195,48.8,0
Dilsukhnagar,11,1,0.228,43.1,0
Dilsukhnagar,11,2,0.112,45.3,0
Dilsukhnagar,11,3,0.054,60.0,0
Dilsukhnagar,11,4,0.113,55.1,0
Dilsukhnagar,11,5,0.181,49.7,0
Dilsukhnagar,11,6,0.26,38.2,0
Dilsukhnagar,12,0,0.51,33.1,0
Dilsukhnagar,12,1,0.557,23.8,0
Dilsukhnagar,12,2,0.429,31.9,0
Dilsukhnagar,12,3,0.521,23.6,0
Dilsukhnagar,12,4,0.564,21.8,0
Dilsukhnagar,12,5,0.507,24.0,0
Dilsukhnagar,12,6,0.433,35.0,0
Dilsukhnagar,13,0,0.46,35.5,0
Dilsukhnagar,13,1,0.568,23.6,0
Dilsukhnagar,13,2,0.472,28.9,0
Dilsukhnagar,13,3,0.455,33.1,0
Dilsukhnagar,13,4,0.44,35.7,0
Dilsukhnagar,13,5,0.638,20.6,0
Dilsukhnagar,13,6,0.536,27.8,0
Dilsukhnagar,14,0,0.546,24.8,0
Dilsukhnagar,14,1,0.656,19.3,0
Dilsukhnagar,14,2,0.446,35.4,0
Dilsukhnagar,14,3,0.579,20.7,0
Dilsukhnagar,14,4,0.573,22.7,0
Dilsukhnagar,14,5,0.654,19.8,0
Dilsukhnagar,14,6,0.496,29.0,0
Dilsukhnagar,15,0,0.178,52.5,1
Dilsukhnagar,15,1,0.307,43.8,0
Dilsukhnagar,15,2,0.22,46.8,0
Dilsukhnagar,15,3,0.301,37.5,0
Dilsukhnagar,15,4,0.138,48.5,0
Dilsukhnagar,15,5,0.214,47.9,0
Dilsukhnagar,15,6,0.203,53.7,0
Dilsukhnagar,16,0,0.122,54.5,0
Dilsukhnagar,16,1,0.095,58.5,0
Dilsukhnagar,16,2,0.247,41.5,1
Dilsukhnagar,16,3,0.298,39.8,0
Dilsukhnagar,16,4,0.221,41.8,0
Dilsukhnagar,16,5,0.084,53.7,0
Dilsukhnagar,16,6,0.228,45.7,0
Dilsukhnagar,17,0,0.768,16.0,0
Dilsukhnagar,17,1,0.823,9.4,0
Dilsukhnagar,17,2,0.699,17.7,1
Dilsukhnagar,17,3,0.874,12.8,0
Dilsukhnagar,17,4,0.733,13.7,0
Dilsukhnagar,17,5,0.741,19.1,0
Dilsukhnagar,17,6,0.905,5.0,0
Dilsukhnagar,18,0,0.931,7.7,0
Dilsukhnagar,18,1,0.942,5.0,0
Dilsukhnagar,18,2,0.875,8.8,0
Dilsukhnagar,18,3,0.776,7.6,0
Dilsukhnagar,18,4,0.939,5.0,0
Dilsukhnagar,18,5,0.791,11.8,0
Dilsukhnagar,18,6,0.748,15.7,0
Dilsukhnagar,19,0,0.903,6.1,0
Dilsukhnagar,19,1,0.845,7.5,0
Dilsukhnagar,19,2,0.851,10.9,0
Dilsukhnagar,19,3,0.723,13.9,0
Dilsukhnagar,19,4,0.72,16.7,0
Dilsukhnagar,19,5,0.782,15.6,0
Dilsukhnagar,19,6,0.734,14.2,1
Dilsukhnagar,20,0,0.841,5.5,0
Dilsukhnagar,20,1,0.729,10.6,0
Dilsukhnagar,20,2,0.678,17.6,0
Dilsukhnagar,20,3,0.854,10.4,0
Dilsukhnagar,20,4,0.853,12.6,0
Dilsukhnagar,20,5,0.81,11.3,0
Dilsukhnagar,20,6,1.0,5.0,0
Dilsukhnagar,21,0,0.218,46.7,0
Dilsukhnagar,21,1,0.205,43.6,1
Dilsukhnagar,21,2,0.403,37.1,0
Dilsukhnagar,21,3,0.157,51.7,0
Dilsukhnagar,21,4,0.202,51.6,0
Dilsukhnagar,21,5,0.175,44.8,0
Dilsukhnagar,21,6,0.155,49.2,0
Dilsukhnagar,22,0,0.26,44.7,0
Dilsukhnagar,22,1,0.171,45.1,0
Dilsukhnagar,22,2,0.201,46.1,0
Dilsukhnagar,22,3,0.214,50.8,0
Dilsukhnagar,22,4,0.25,47.0,0
Dilsukhnagar,22,5,0.156,49.2,0
Dilsukhnagar,22,6,0.196,50.8,0
Dilsukhnagar,23,0,0.108,51.4,0
Dilsukhnagar,23,1,0.083,59.7,0
Dilsukhnagar,23,2,0.143,48.7,0
Dilsukhnagar,23,3,0.145,50.6,0
Dilsukhnagar,23,4,0.253,44.2,0
Dilsukhnagar,23,5,0.19,46.6,0
Dilsukhnagar,23,6,0.074,57.6,0
LB Nagar,0,0,0.112,54.6,0
LB Nagar,0,1,0.361,40.1,0
LB Nagar,0,2,0.318,39.6,0
LB Nagar,0,3,0.223,49.1,0
LB Nagar,0,4,0.146,52.3,0
LB Nagar,0,5,0.107,59.2,0
LB Nagar,0,6,0.294,41.7,0
LB Nagar,1,0,0.422,33.1,0
LB Nagar,1,1,0.334,40.3,0
LB Nagar,1,2,0.256,39.5,0
LB Nagar,1,3,0.222,47.9,0
LB Nagar,1,4,0.251,43.5,0
LB Nagar,1,5,0.105,59.9,0
LB Nagar,1,6,0.274,43.2,0
LB Nagar,2,0,0.244,46.7,0
LB Nagar,2,1,0.2,38.8,0
LB Nagar,2,2,0.221,37.3,0
LB Nagar,2,3,0.195,46.9,0
LB Nagar,2,4,0.197,52.4,0
LB Nagar,2,5,0.234,50.4,0
LB Nagar,2,6,0.07,54.0,0
LB Nagar,3,0,0.097,52.4,0
LB Nagar,3,1,0.296,42.0,0
LB Nagar,3,2,0.209,47.5,0
LB Nagar,3,3,0.251,43.7,0
LB Nagar,3,4,0.21,45.2,0
LB Nagar,3,5,0.254,46.6,0
LB Nagar,3,6,0.187,55.2,0
LB Nagar,4,0,0.137,54.4,0
LB Nagar,4,1,0.248,42.5,0
LB Nagar,4,2,0.369,34.5,0
LB Nagar,4,3,0.193,51.2,0
LB Nagar,4,4,0.197,48.1,0
LB Nagar,4,5,0.34,38.6,0
LB Nagar,4,6,0.252,45.6,0
LB Nagar,5,0,0.253,45.2,0
LB Nagar,5,1,0.187,47.0,0
LB Nagar,5,2,0.227,49.4,0
LB Nagar,5,3,0.196,47.3,0
LB Nagar,5,4,0.12,51.5,0
LB Nagar,5,5,0.169,51.0,0
LB Nagar,5,6,0.155,46.0,0
LB Nagar,6,0,0.237,46.9,0
LB Nagar,6,1,0.227,41.8,0
LB Nagar,6,2,0.104,53.3,0
LB Nagar,6,3,0.197,55.6,0
LB Nagar,6,4,0.214,47.3,0
LB Nagar,6,5,0.266,43.8,0
LB Nagar,6,6,0.11,53.3,0
LB Nagar,7,0,0.314,42.5,0
LB Nagar,7,1,0.104,54.4,0
LB Nagar,7,2,0.057,50.7,0
LB Nagar,7,3,0.171,47.1,0
LB Nagar,7,4,0.18,52.3,0
LB Nagar,7,5,0.149,56.0,0
LB Nagar,7,6,0.299,36.8,0
LB Nagar,8,0,0.809,9.1,0
LB Nagar,8,1,0.924,8.2,0
LB Nagar,8,2,0.879,5.0,0
LB Nagar,8,3,0.776,13.0,0
LB Nagar,8,4,0.711,18.6,0
LB Nagar,8,5,0.684,16.0,0
LB Nagar,8,6,0.869,7.6,0
LB Nagar,9,0,0.911,5.6,1
LB Nagar,9,1,0.799,7.8,0
LB Nagar,9,2,0.699,17.9,0
LB Nagar,9,3,0.887,5.0,0
LB Nagar,9,4,0.877,6.1,0
LB Nagar,9,5,0.781,14.3,0
LB Nagar,9,6,0.698,17.3,0
LB Nagar,10,0,0.678,14.8,0
LB Nagar,10,1,0.762,10.3,0
LB Nagar,10,2,0.885,6.4,0
LB Nagar,10,3,0.801,10.7,0
LB Nagar,10,4,0.791,10.6,0
LB Nagar,10,5,0.797,14.0,0
LB Nagar,10,6,0.881,5.0,0
LB Nagar,11,0,0.138,43.8,0
LB Nagar,11,1,0.251,50.0,0
LB Nagar,11,2,0.129,48.0,0
LB Nagar,11,3,0.185,51.6,0
LB Nagar,11,4,0.371,38.1,0
LB Nagar,11,5,0.277,45.8,0
LB Nagar,11,6,0.164,48.7,0
LB Nagar,12,0,0.568,23.9,0
LB Nagar,12,1,0.525,33.1,0
LB Nagar,12,2,0.52,30.2,0
LB Nagar,12,3,0.604,28.4,0
LB Nagar,12,4,0.358,36.3,0
LB Nagar,12,5,0.433,34.5,0
LB Nagar,12,6,0.495,29.9,0
LB Nagar,13,0,0.534,28.0,0
LB Nagar,13,1,0.507,26.8,0
LB Nagar,13,2,0.563,23.8,0
LB Nagar,13,3,0.399,39.6,0
LB Nagar,13,4,0.528,30.2,0
LB Nagar,13,5,0.448,36.2,0
LB Nagar,13,6,0.512,29.3,0
LB Nagar,14,0,0.472,36.8,0
LB Nagar,14,1,0.517,32.3,0
LB Nagar,14,2,0.631,21.9,0
LB Nagar,14,3,0.491,30.5,0
LB Nagar,14,4,0.52,30.5,0
LB Nagar,14,5,0.596,21.1,0
LB Nagar,14,6,0.391,33.0,0
LB Nagar,15,0,0.219,44.6,0
LB Nagar,15,1,0.165,53.9,0
LB Nagar,15,2,0.3,44.1,0
LB Nagar,15,3,0.208,48.6,1
LB Nagar,15,4,0.08,49.2,0
LB Nagar,15,5,0.115,49.4,0
LB Nagar,15,6,0.279,40.3,0
LB Nagar,16,0,0.311,39.2,0
LB Nagar,16,1,0.267,43.5,0
LB Nagar,16,2,0.143,47.0,0
LB Nagar,16,3,0.178,49.6,0
LB Nagar,16,4,0.093,57.1,0
LB Nagar,16,5,0.302,39.8,0
LB Nagar,16,6,0.221,45.9,0
LB Nagar,17,0,0.861,5.0,0
LB Nagar,17,1,0.729,9.8,0
LB Nagar,17,2,0.593,29.5,0
LB Nagar,17,3,0.768,12.8,0
LB Nagar,17,4,0.797,9.8,0
LB Nagar,17,5,0.836,9.2,0
LB Nagar,17,6,0.722,14.3,0
LB Nagar,18,0,0.914,5.0,0
LB Nagar,18,1,0.759,16.1,1
LB Nagar,18,2,0.783,15.3,0
LB Nagar,18,3,0.917,6.9,0
LB Nagar,18,4,0.752,16.7,0
LB Nagar,18,5,0.774,14.7,0
LB Nagar,18,6,0.771,12.4,0
LB Nagar,19,0,0.72,16.0,0
LB Nagar,19,1,0.87,11.3,0
LB Nagar,19,2,0.874,7.6,0
LB Nagar,19,3,0.956,5.0,0
LB Nagar,19,4,0.754,13.8,0
LB Nagar,19,5,0.772,9.4,0
LB Nagar,19,6,0.94,5.6,0
LB Nagar,20,0,0.775,19.8,0
LB Nagar,20,1,0.688,15.2,0
LB Nagar,20,2,0.861,13.4,0
LB Nagar,20,3,0.795,13.7,0
LB Nagar,20,4,0.869,12.5,0
LB Nagar,20,5,0.782,13.6,0
LB Nagar,20,6,0.86,5.0,0
LB Nagar,21,0,0.142,53.6,0
LB Nagar,21,1,0.171,52.6,0
LB Nagar,21,2,0.157,51.4,0
LB Nagar,21,3,0.215,43.8,0
LB Nagar,21,4,0.27,39.8,1
LB Nagar,21,5,0.099,57.2,0
LB Nagar,21,6,0.087,56.1,0
LB Nagar,22,0,0.195,51.9,0
LB Nagar,22,1,0.226,50.3,0
LB Nagar,22,2,0.113,53.0,0
LB Nagar,22,3,0.296,43.8,0
LB Nagar,22,4,0.25,44.3,0
LB Nagar,22,5,0.1,56.3,0
LB Nagar,22,6,0.178,50.5,0
LB Nagar,23,0,0.125,51.7,0
LB Nagar,23,1,0.159,48.4,0
LB Nagar,23,2,0.131,54.7,0
LB Nagar,23,3,0.147,55.6,0
LB Nagar,23,4,0.119,51.1,0
LB Nagar,23,5,0.091,51.7,0
LB Nagar,23,6,0.237,41.5,0
Uppal,0,0,0.267,48.3,0
Uppal,0,1,0.171,48.5,0
Uppal,0,2,0.363,42.3,0
Uppal,0,3,0.277,36.0,0
Uppal,0,4,0.399,39.3,0
Uppal,0,5,0.2,48.1,0
Uppal,0,6,0.344,38.9,0
Uppal,1,0,0.275,41.8,0
Uppal,1,1,0.271,41.8,0
Uppal,1,2,0.304,34.8,0
Uppal,1,3,0.411,39.7,0
Uppal,1,4,0.253,44.7,0
Uppal,1,5,0.391,35.7,0
Uppal,1,6,0.237,49.7,0
Uppal,2,0,0.113,47.4,0
Uppal,2,1,0.107,55.8,0
Uppal,2,2,0.148,45.4,0
Uppal,2,3,0.343,37.1,0
Uppal,2,4,0.225,44.5,0
Uppal,2,5,0.095,54.9,0
Uppal,2,6,0.263,47.5,0
Uppal,3,0,0.183,44.5,0
Uppal,3,1,0.126,47.9,0
Uppal,3,2,0.229,41.3,0
Uppal,3,3,0.252,50.3,0
Uppal,3,4,0.191,51.8,0
Uppal,3,5,0.316,44.0,0
Uppal,3,6,0.101,55.0,0
Uppal,4,0,0.239,42.5,0
Uppal,4,1,0.261,41.2,0
Uppal,4,2,0.32,50.2,0
Uppal,4,3,0.257,49.3,0
Uppal,4,4,0.138,47.9,0
Uppal,4,5,0.105,52.1,0
Uppal,4,6,0.257,40.7,0
Uppal,5,0,0.302,42.8,0
Uppal,5,1,0.271,46.4,0
Uppal,5,2,0.208,45.8,0
Uppal,5,3,0.271,40.1,0
Uppal,5,4,0.047,60.0,0
Uppal,5,5,0.234,47.7,0
Uppal,5,6,0.344,37.5,0
Uppal,6,0,0.234,51.7,0
Uppal,6,1,0.169,50.7,0
Uppal,6,2,0.306,40.4,0
Uppal,6,3,0.063,53.7,0
Uppal,6,4,0.322,37.5,0
Uppal,6,5,0.344,44.0,0
Uppal,6,6,0.118,53.2,0
Uppal,7,0,0.201,52.2,0
Uppal,7,1,0.158,50.7,0
Uppal,7,2,0.205,43.2,0
Uppal,7,3,0.164,47.8,1
Uppal,7,4,0.146,54.3,0
Uppal,7,5,0.341,40.2,0
Uppal,7,6,0.213,44.7,0
Uppal,8,0,0.693,18.7,0
Uppal,8,1,0.767,18.3,0
Uppal,8,2,0.789,10.5,0
Uppal,8,3,0.838,8.8,0
Uppal,8,4,0.978,5.0,0
Uppal,8,5,0.789,13.7,0
Uppal,8,6,0.934,5.0,0
Uppal,9,0,0.806,17.7,0
Uppal,9,1,0.832,10.4,0
Uppal,9,2,0.923,5.0,0
Uppal,9,3,0.832,10.6,0
Uppal,9,4,0.82,10.4,0
Uppal,9,5,0.661,17.1,0
Uppal,9,6,0.743,21.0,0
Uppal,10,0,0.736,17.8,0
Uppal,10,1,0.86,9.6,0
Uppal,10,2,0.846,6.2,0
Uppal,10,3,0.728,16.0,0
Uppal,10,4,0.779,17.7,0
Uppal,10,5,0.953,6.4,0
Uppal,10,6,0.813,7.5,0
Uppal,11,0,0.122,51.5,0
Uppal,11,1,0.213,49.1,0
Uppal,11,2,0.369,34.2,1
Uppal,11,3,0.402,32.3,1
Uppal,11,4,0.146,54.1,0
Uppal,11,5,0.218,47.0,0
Uppal,11,6,0.311,48.9,0
Uppal,12,0,0.388,39.4,0
Uppal,12,1,0.534,26.7,0
Uppal,12,2,0.389,36.2,0
Uppal,12,3,0.497,25.8,0
Uppal,12,4,0.403,36.2,0
Uppal,12,5,0.511,27.2,0
Uppal,12,6,0.588,23.1,0
Uppal,13,0,0.503,26.8,0
Uppal,13,1,0.479,29.8,0
Uppal,13,2,0.454,29.8,1
Uppal,13,3,0.388,40.8,0
Uppal,13,4,0.592,25.2,0
Uppal,13,5,0.4,37.8,0
Uppal,13,6,0.488,24.8,0
Uppal,14,0,0.498,32.2,0
Uppal,14,1,0.421,34.7,0
Uppal,14,2,0.42,37.2,0
Uppal,14,3,0.536,28.3,0
Uppal,14,4,0.547,27.4,0
Uppal,14,5,0.4,36.8,0
Uppal,14,6,0.54,31.9,0
Uppal,15,0,0.34,38.8,0
Uppal,15,1,0.119,50.7,0
Uppal,15,2,0.181,51.1,0
Uppal,15,3,0.141,49.1,0
Uppal,15,4,0.074,57.6,0
Uppal,15,5,0.278,52.5,0
Uppal,15,6,0.165,51.5,0
Uppal,16,0,0.286,43.3,0
Uppal,16,1,0.315,35.6,0
Uppal,16,2,0.12,55.3,0
Uppal,16,3,0.26,43.3,0
Uppal,16,4,0.137,49.6,0
Uppal,16,5,0.114,49.3,0
Uppal,16,6,0.18,50.4,0
Uppal,17,0,0.776,12.9,0
Uppal,17,1,0.74,18.6,0
Uppal,17,2,0.851,6.8,0
Uppal,17,3,0.861,6.7,0
Uppal,17,4,0.754,15.5,0
Uppal,17,5,0.825,10.0,0
Uppal,17,6,0.89,5.6,0
Uppal,18,0,0.823,5.9,0
Uppal,18,1,0.715,16.5,0
Uppal,18,2,0.94,5.0,0
Uppal,18,3,0.839,9.1,1
Uppal,18,4,0.852,10.3,0
Uppal,18,5,0.766,14.9,0
Uppal,18,6,0.702,23.4,0
Uppal,19,0,0.792,14.2,0
Uppal,19,1,0.735,16.9,0
Uppal,19,2,0.677,19.7,0
Uppal,19,3,0.968,5.5,0
Uppal,19,4,0.771,15.1,0
Uppal,19,5,0.833,6.1,0
Uppal,19,6,0.696,16.2,0
Uppal,20,0,0.856,14.0,0
Uppal,20,1,0.86,11.0,0
Uppal,20,2,0.714,13.2,0
Uppal,20,3,0.892,5.0,0
Uppal,20,4,0.728,17.2,0
Uppal,20,5,0.785,16.7,0
Uppal,20,6,0.741,14.3,0
Uppal,21,0,0.191,51.5,0
Uppal,21,1,0.16,46.2,0
Uppal,21,2,0.203,46.4,0
Uppal,21,3,0.128,51.2,0
Uppal,21,4,0.258,45.7,0
Uppal,21,5,0.165,44.5,0
Uppal,21,6,0.268,39.7,0
Uppal,22,0,0.25,45.7,1
Uppal,22,1,0.248,48.8,0
Uppal,22,2,0.148,53.2,0
Uppal,22,3,0.206,44.9,0
Uppal,22,4,0.118,51.5,0
Uppal,22,5,0.209,50.6,0
Uppal,22,6,0.338,39.0,0
Uppal,23,0,0.21,46.5,0
Uppal,23,1,0.116,55.0,0
Uppal,23,2,0.419,30.2,0
Uppal,23,3,0.121,50.2,1
Uppal,23,4,0.171,42.3,0
Uppal,23,5,0.138,47.6,0
Uppal,23,6,0.305,44.6,0
Mehdipatnam,0,0,0.103,51.4,0
Mehdipatnam,0,1,0.226,46.9,0
Mehdipatnam,0,2,0.17,50.3,0
Mehdipatnam,0,3,0.227,43.9,0
Mehdipatnam,0,4,0.19,47.7,0
Mehdipatnam,0,5,0.283,41.1,0
Mehdipatnam,0,6,0.233,45.5,0
Mehdipatnam,1,0,0.192,53.2,0
Mehdipatnam,1,1,0.324,38.2,0
Mehdipatnam,1,2,0.183,50.7,0
Mehdipatnam,1,3,0.169,50.3,0
Mehdipatnam,1,4,0.092,53.0,0
Mehdipatnam,1,5,0.19,50.9,0
Mehdipatnam,1,6,0.041,56.1,0
Mehdipatnam,2,0,0.227,46.2,0
Mehdipatnam,2,1,0.245,48.4,0
Mehdipatnam,2,2,0.032,57.1,0
Mehdipatnam,2,3,0.216,47.4,0
Mehdipatnam,2,4,0.032,59.3,0
Mehdipatnam,2,5,0.188,47.2,0
Mehdipatnam,2,6,0.301,42.9,0
Mehdipatnam,3,0,0.216,45.9,1
Mehdipatnam,3,1,0.15,52.2,0
Mehdipatnam,3,2,0.173,48.1,0
Mehdipatnam,3,3,0.245,44.6,0
Mehdipatnam,3,4,0.222,42.7,0
Mehdipatnam,3,5,0.178,53.4,0
Mehdipatnam,3,6,0.238,42.5,0
Mehdipatnam,4,0,0.135,55.0,0
Mehdipatnam,4,1,0.053,60.0,0
Mehdipatnam,4,2,0.171,48.4,0
Mehdipatnam,4,3,0.047,57.2,0
Mehdipatnam,4,4,0.177,51.1,0
Mehdipatnam,4,5,0.196,44.7,0
Mehdipatnam,4,6,0.0,54.7,0
Mehdipatnam,5,0,0.242,40.1,0
Mehdipatnam,5,1,0.243,45.8,0
Mehdipatnam,5,2,0.181,50.3,0
Mehdipatnam,5,3,0.221,46.8,0
Mehdipatnam,5,4,0.225,43.4,0
Mehdipatnam,5,5,0.219,47.1,0
Mehdipatnam,5,6,0.15,49.5,0
Mehdipatnam,6,0,0.341,42.4,0
Mehdipatnam,6,1,0.127,53.1,0
Mehdipatnam,6,2,0.222,51.3,0
Mehdipatnam,6,3,0.282,38.2,0
Mehdipatnam,6,4,0.281,45.1,0
Mehdipatnam,6,5,0.228,48.8,0
Mehdipatnam,6,6,0.348,38.6,0
Mehdipatnam,7,0,0.227,51.4,0
Mehdipatnam,7,1,0.142,51.8,1
Mehdipatnam,7,2,0.198,51.1,0
Mehdipatnam,7,3,0.227,41.1,0
Mehdipatnam,7,4,0.258,46.2,0
Mehdipatnam,7,5,0.211,44.5,0
Mehdipatnam,7,6,0.241,47.2,0
Mehdipatnam,8,0,0.803,8.8,0
Mehdipatnam,8,1,0.58,27.8,0
Mehdipatnam,8,2,0.872,9.9,0
Mehdipatnam,8,3,0.765,10.3,0
Mehdipatnam,8,4,0.838,9.6,0
Mehdipatnam,8,5,0.762,12.2,0
Mehdipatnam,8,6,0.796,8.2,0
Mehdipatnam,9,0,0.765,13.0,0
Mehdipatnam,9,1,0.895,6.9,0
Mehdipatnam,9,2,0.82,14.2,0
Mehdipatnam,9,3,0.742,11.0,0
Mehdipatnam,9,4,0.796,9.1,0
Mehdipatnam,9,5,0.881,7.3,0
Mehdipatnam,9,6,0.795,11.5,0
Mehdipatnam,10,0,0.892,5.0,0
Mehdipatnam,10,1,0.736,16.8,0
Mehdipatnam,10,2,0.848,8.8,0
Mehdipatnam,10,3,0.789,14.7,0
Mehdipatnam,10,4,0.716,18.6,0
Mehdipatnam,10,5,0.835,10.7,0
Mehdipatnam,10,6,0.797,8.6,0
Mehdipatnam,11,0,0.256,48.9,0
Mehdipatnam,11,1,0.363,36.5,0
Mehdipatnam,11,2,0.189,48.9,0
Mehdipatnam,11,3,0.158,53.5,0
Mehdipatnam,11,4,0.336,39.2,0
Mehdipatnam,11,5,0.092,54.0,0
Mehdipatnam,11,6,0.162,52.1,0
Mehdipatnam,12,0,0.584,27.6,0
Mehdipatnam,12,1,0.359,35.9,0
Mehdipatnam,12,2,0.492,34.5,0
Mehdipatnam,12,3,0.458,36.6,0
Mehdipatnam,12,4,0.55,30.9,0
Mehdipatnam,12,5,0.477,26.3,0
Mehdipatnam,12,6,0.382,36.0,0
Mehdipatnam,13,0,0.562,27.2,0
Mehdipatnam,13,1,0.438,34.9,0
Mehdipatnam,13,2,0.449,31.8,0
Mehdipatnam,13,3,0.468,32.4,0
Mehdipatnam,13,4,0.49,33.9,0
Mehdipatnam,13,5,0.488,31.9,0
Mehdipatnam,13,6,0.739,19.3,0
Mehdipatnam,14,0,0.578,23.4,0
Mehdipatnam,14,1,0.544,28.2,0
Mehdipatnam,14,2,0.58,27.9,0
Mehdipatnam,14,3,0.516,26.9,0
Mehdipatnam,14,4,0.385,32.1,0
Mehdipatnam,14,5,0.572,24.0,0
Mehdipatnam,14,6,0.691,24.4,0
Mehdipatnam,15,0,0.247,47.3,0
Mehdipatnam,15,1,0.332,38.6,0
Mehdipatnam,15,2,0.174,51.7,0
Mehdipatnam,15,3,0.156,55.0,0
Mehdipatnam,15,4,0.321,36.9,0
Mehdipatnam,15,5,0.375,38.6,0
Mehdipatnam,15,6,0.255,45.5,0
Mehdipatnam,16,0,0.232,46.7,0
Mehdipatnam,16,1,0.23,45.7,0
Mehdipatnam,16,2,0.292,38.3,0
Mehdipatnam,16,3,0.314,41.8,0
Mehdipatnam,16,4,0.197,49.2,0
Mehdipatnam,16,5,0.314,36.3,0
Mehdipatnam,16,6,0.121,54.4,0
Mehdipatnam,17,0,0.812,9.2,0
Mehdipatnam,17,1,0.81,10.3,0
Mehdipatnam,17,2,0.745,12.7,0
Mehdipatnam,17,3,0.749,14.1,0
Mehdipatnam,17,4,0.893,5.0,0
Mehdipatnam,17,5,0.825,14.6,0
Mehdipatnam,17,6,0.663,17.7,0
Mehdipatnam,18,0,0.789,13.5,0
Mehdipatnam,18,1,0.877,8.7,0
Mehdipatnam,18,2,0.848,8.1,0
Mehdipatnam,18,3,0.882,8.0,0
Mehdipatnam,18,4,0.836,5.1,0
Mehdipatnam,18,5,0.8,12.1,0
Mehdipatnam,18,6,0.712,16.5,0
Mehdipatnam,19,0,0.86,6.5,0
Mehdipatnam,19,1,0.792,6.8,0
Mehdipatnam,19,2,0.825,9.6,0
Mehdipatnam,19,3,0.807,11.2,0
Mehdipatnam,19,4,0.925,5.0,0
Mehdipatnam,19,5,0.777,7.4,0
Mehdipatnam,19,6,0.718,15.2,0
Mehdipatnam,20,0,0.786,13.5,0
Mehdipatnam,20,1,0.858,8.3,0
Mehdipatnam,20,2,0.816,7.2,0
Mehdipatnam,20,3,0.707,22.9,0
Mehdipatnam,20,4,0.849,9.6,0
Mehdipatnam,20,5,0.777,13.5,0
Mehdipatnam,20,6,0.828,11.4,0
Mehdipatnam,21,0,0.287,43.4,0
Mehdipatnam,21,1,0.31,42.7,0
Mehdipatnam,21,2,0.235,46.3,0
Mehdipatnam,21,3,0.133,55.4,0
Mehdipatnam,21,4,0.236,46.4,0
Mehdipatnam,21,5,0.188,48.6,0
Mehdipatnam,21,6,0.337,37.0,0
Mehdipatnam,22,0,0.187,51.6,0
Mehdipatnam,22,1,0.146,52.3,0
Mehdipatnam,22,2,0.244,45.1,0
Mehdipatnam,22,3,0.309,39.4,0
Mehdipatnam,22,4,0.341,39.9,0
Mehdipatnam,22,5,0.231,43.0,0
Mehdipatnam,22,6,0.301,42.6,0
Mehdipatnam,23,0,0.265,46.4,0
Mehdipatnam,23,1,0.0,60.0,0
Mehdipatnam,23,2,0.199,53.3,0
Mehdipatnam,23,3,0.286,44.0,0
Mehdipatnam,23,4,0.427,36.0,0
Mehdipatnam,23,5,0.195,50.8,0
Mehdipatnam,23,6,0.277,47.1,0
Attapur,0,0,0.067,54.7,0
Attapur,0,1,0.258,48.8,0
Attapur,0,2,0.227,46.9,0
Attapur,0,3,0.109,52.8,0
Attapur,0,4,0.208,41.5,0
Attapur,0,5,0.114,49.8,1
Attapur,0,6,0.134,51.0,0
Attapur,1,0,0.241,44.1,0
Attapur,1,1,0.219,50.0,0
Attapur,1,2,0.029,60.0,0
Attapur,1,3,0.211,48.4,0
Attapur,1,4,0.37,36.9,0
Attapur,1,5,0.257,43.9,0
Attapur,1,6,0.245,45.4,0
Attapur,2,0,0.114,56.7,0
Attapur,2,1,0.218,45.6,0
Attapur,2,2,0.122,60.0,0
Attapur,2,3,0.266,44.5,1
Attapur,2,4,0.164,53.9,0
Attapur,2,5,0.19,49.4,0
Attapur,2,6,0.141,49.4,0
Attapur,3,0,0.243,50.9,0
Attapur,3,1,0.328,41.9,0
Attapur,3,2,0.302,42.5,0
Attapur,3,3,0.248,46.5,0
Attapur,3,4,0.305,44.4,0
Attapur,3,5,0.172,54.7,0
Attapur,3,6,0.12,50.9,0
Attapur,4,0,0.247,45.2,0
Attapur,4,1,0.189,46.3,0
Attapur,4,2,0.217,46.2,0
Attapur,4,3,0.148,50.6,0
Attapur,4,4,0.322,42.6,0
Attapur,4,5,0.324,42.4,0
Attapur,4,6,0.167,49.4,1
Attapur,5,0,0.154,54.8,0
Attapur,5,1,0.245,43.3,0
Attapur,5,2,0.389,36.7,0
Attapur,5,3,0.117,48.5,0
Attapur,5,4,0.219,50.0,0
Attapur,5,5,0.137,49.1,0
Attapur,5,6,0.114,57.1,0
Attapur,6,0,0.25,42.6,0
Attapur,6,1,0.338,44.5,0
Attapur,6,2,0.187,46.7,0
Attapur,6,3,0.208,43.5,0
Attapur,6,4,0.211,45.1,0
Attapur,6,5,0.282,44.8,0
Attapur,6,6,0.281,37.2,0
Attapur,7,0,0.212,45.4,0
Attapur,7,1,0.14,45.1,0
Attapur,7,2,0.186,46.9,0
Attapur,7,3,0.099,52.8,0
Attapur,7,4,0.156,50.4,0
Attapur,7,5,0.269,40.5,0
Attapur,7,6,0.314,38.8,0
Attapur,8,0,0.896,6.8,0
Attapur,8,1,0.847,8.2,0
Attapur,8,2,0.816,12.4,0
Attapur,8,3,0.799,11.6,0
Attapur,8,4,0.819,9.6,0
Attapur,8,5,0.8,11.3,0
Attapur,8,6,1.0,5.0,0
Attapur,9,0,0.852,7.4,0
Attapur,9,1,0.942,5.0,0
Attapur,9,2,0.852,10.4,0
Attapur,9,3,0.786,11.0,0
Attapur,9,4,0.811,9.0,0
Attapur,9,5,0.665,19.7,0
Attapur,9,6,0.785,11.7,0
Attapur,10,0,0.841,10.4,0
Attapur,10,1,0.77,20.1,0
Attapur,10,2,0.644,18.4,0
Attapur,10,3,0.954,5.0,0
Attapur,10,4,0.849,12.6,0
Attapur,10,5,0.805,12.1,0
Attapur,10,6,0.905,5.1,0
Attapur,11,0,0.051,57.4,0
Attapur,11,1,0.417,38.4,0
Attapur,11,2,0.193,46.3,0
Attapur,11,3,0.205,47.6,0
Attapur,11,4,0.111,53.0,1
Attapur,11,5,0.157,50.4,0
Attapur,11,6,0.267,44.6,0
Attapur,12,0,0.578,24.3,0
Attapur,12,1,0.547,29.4,0
Attapur,12,2,0.526,27.1,0
Attapur,12,3,0.569,26.3,0
Attapur,12,4,0.535,21.8,0
Attapur,12,5,0.555,31.6,0
Attapur,12,6,0.414,33.1,0
Attapur,13,0,0.489,30.0,0
Attapur,13,1,0.358,36.1,0
Attapur,13,2,0.416,38.6,0
Attapur,13,3,0.55,23.7,0
Attapur,13,4,0.592,22.0,1
Attapur,13,5,0.444,31.9,0
Attapur,13,6,0.42,37.1,0
Attapur,14,0,0.476,32.5,0
Attapur,14,1,0.464,31.4,0
Attapur,14,2,0.475,35.6,0
Attapur,14,3,0.505,33.8,0
Attapur,14,4,0.446,30.4,0
Attapur,14,5,0.382,34.6,0
Attapur,14,6,0.507,28.3,0
Attapur,15,0,0.075,53.7,0
Attapur,15,1,0.211,52.8,1
Attapur,15,2,0.216,45.8,0
Attapur,15,3,0.249,48.6,0
Attapur,15,4,0.23,43.0,0
Attapur,15,5,0.219,49.8,0
Attapur,15,6,0.19,45.5,0
Attapur,16,0,0.219,47.9,0
Attapur,16,1,0.175,46.7,0
Attapur,16,2,0.314,46.0,0
Attapur,16,3,0.366,41.9,0
Attapur,16,4,0.317,37.9,0
Attapur,16,5,0.063,57.6,0
Attapur,16,6,0.082,54.4,0
Attapur,17,0,0.865,5.0,0
Attapur,17,1,0.737,12.0,0
Attapur,17,2,0.894,5.1,0
Attapur,17,3,0.822,20.1,0
Attapur,17,4,0.797,9.8,0
Attapur,17,5,0.82,5.5,0
Attapur,17,6,0.718,16.3,0
Attapur,18,0,0.762,15.1,0
Attapur,18,1,0.894,6.1,1
Attapur,18,2,0.876,6.9,0
Attapur,18,3,0.893,6.6,0
Attapur,18,4,0.727,18.6,0
Attapur,18,5,0.797,7.5,0
Attapur,18,6,0.869,5.0,0
Attapur,19,0,0.836,8.9,0
Attapur,19,1,0.81,10.9,0
Attapur,19,2,0.765,19.2,0
Attapur,19,3,0.735,13.7,1
Attapur,19,4,0.715,10.1,0
Attapur,19,5,0.772,14.8,0
Attapur,19,6,0.879,5.0,0
Attapur,20,0,0.719,15.5,0
Attapur,20,1,0.803,17.5,0
Attapur,20,2,0.834,13.0,0
Attapur,20,3,0.915,7.3,0
Attapur,20,4,0.786,13.0,0
Attapur,20,5,0.776,11.6,0
Attapur,20,6,0.792,14.9,0
Attapur,21,0,0.095,55.4,0
Attapur,21,1,0.113,49.8,0
Attapur,21,2,0.278,43.8,0
Attapur,21,3,0.207,41.1,0
Attapur,21,4,0.166,48.5,0
Attapur,21,5,0.135,53.7,0
Attapur,21,6,0.301,50.1,0
Attapur,22,0,0.213,47.0,0
Attapur,22,1,0.124,48.8,0
Attapur,22,2,0.077,53.5,0
Attapur,22,3,0.366,38.2,0
Attapur,22,4,0.181,55.6,1
Attapur,22,5,0.174,49.3,0
Attapur,22,6,0.217,51.3,0
Attapur,23,0,0.172,50.8,0
Attapur,23,1,0.209,49.4,0
Attapur,23,2,0.301,41.8,0
Attapur,23,3,0.187,45.3,0
Attapur,23,4,0.138,54.8,0
Attapur,23,5,0.04,60.0,0
Attapur,23,6,0.086,58.0,0
Tolichowki,0,0,0.033,57.4,0
Tolichowki,0,1,0.122,53.1,0
Tolichowki,0,2,0.073,57.4,0
Tolichowki,0,3,0.131,47.9,0
Tolichowki,0,4,0.217,47.7,0
Tolichowki,0,5,0.242,48.1,0
Tolichowki,0,6,0.204,49.9,0
Tolichowki,1,0,0.355,43.0,0
Tolichowki,1,1,0.193,47.8,0
Tolichowki,1,2,0.209,48.2,0
Tolichowki,1,3,0.247,49.6,0
Tolichowki,1,4,0.082,53.9,0
Tolichowki,1,5,0.218,42.5,0
Tolichowki,1,6,0.255,46.6,0
Tolichowki,2,0,0.29,40.3,0
Tolichowki,2,1,0.059,59.5,0
Tolichowki,2,2,0.113,56.0,0
Tolichowki,2,3,0.239,40.2,0
Tolichowki,2,4,0.294,41.3,0
Tolichowki,2,5,0.181,50.8,0
Tolichowki,2,6,0.313,40.2,0
Tolichowki,3,0,0.291,39.6,0
Tolichowki,3,1,0.249,46.1,0
Tolichowki,3,2,0.363,34.0,0
Tolichowki,3,3,0.118,47.4,0
Tolichowki,3,4,0.161,51.5,0
Tolichowki,3,5,0.218,47.1,0
Tolichowki,3,6,0.13,54.1,0
Tolichowki,4,0,0.218,45.1,0
Tolichowki,4,1,0.189,47.6,0
Tolichowki,4,2,0.298,40.0,0
Tolichowki,4,3,0.094,53.8,0
Tolichowki,4,4,0.188,46.0,0
Tolichowki,4,5,0.191,51.1,0
Tolichowki,4,6,0.157,52.9,0
Tolichowki,5,0,0.259,45.3,0
Tolichowki,5,1,0.18,47.0,0
Tolichowki,5,2,0.301,41.4,0
Tolichowki,5,3,0.324,38.8,0
Tolichowki,5,4,0.214,49.6,0
Tolichowki,5,5,0.224,48.4,0
Tolichowki,5,6,0.267,40.8,0
Tolichowki,6,0,0.123,54.7,0
Tolichowki,6,1,0.067,60.0,0
Tolichowki,6,2,0.28,42.2,0
Tolichowki,6,3,0.246,51.5,0
Tolichowki,6,4,0.157,54.3,0
Tolichowki,6,5,0.225,48.6,0
Tolichowki,6,6,0.292,43.3,0
Tolichowki,7,0,0.097,54.9,0
Tolichowki,7,1,0.217,45.0,0
Tolichowki,7,2,0.153,50.2,0
Tolichowki,7,3,0.103,51.5,0
Tolichowki,7,4,0.402,35.2,0
Tolichowki,7,5,0.233,49.7,0
Tolichowki,7,6,0.088,58.2,0
Tolichowki,8,0,0.863,5.0,1
Tolichowki,8,1,0.839,10.1,0
Tolichowki,8,2,0.742,18.4,0
Tolichowki,8,3,0.727,18.1,0
Tolichowki,8,4,0.774,16.6,0
Tolichowki,8,5,0.707,20.1,0
Tolichowki,8,6,0.643,24.0,0
Tolichowki,9,0,0.939,5.0,0
Tolichowki,9,1,0.869,9.9,0
Tolichowki,9,2,0.826,10.5,0
Tolichowki,9,3,0.938,5.0,0
Tolichowki,9,4,0.835,8.2,0
Tolichowki,9,5,0.844,7.4,0
Tolichowki,9,6,0.812,13.3,0
Tolichowki,10,0,0.828,9.0,0
Tolichowki,10,1,0.824,12.0,1
Tolichowki,10,2,0.67,14.8,0
Tolichowki,10,3,0.804,9.5,0
Tolichowki,10,4,0.889,8.5,0
Tolichowki,10,5,0.837,13.6,0
Tolichowki,10,6,0.837,9.4,0
Tolichowki,11,0,0.187,46.9,0
Tolichowki,11,1,0.403,32.0,0
Tolichowki,11,2,0.267,45.6,0
Tolichowki,11,3,0.059,54.3,0
Tolichowki,11,4,0.216,51.6,0
Tolichowki,11,5,0.156,51.2,0
Tolichowki,11,6,0.11,49.0,0
Tolichowki,12,0,0.482,30.8,0
Tolichowki,12,1,0.486,27.9,0
Tolichowki,12,2,0.48,25.7,0
Tolichowki,12,3,0.553,25.3,0
Tolichowki,12,4,0.504,33.3,0
Tolichowki,12,5,0.554,22.5,0
Tolichowki,12,6,0.488,33.1,0
Tolichowki,13,0,0.639,23.2,0
Tolichowki,13,1,0.409,32.3,0
Tolichowki,13,2,0.603,24.8,1
Tolichowki,13,3,0.342,42.6,0
Tolichowki,13,4,0.516,25.7,0
Tolichowki,13,5,0.6,21.6,0
Tolichowki,13,6,0.473,32.5,0
Tolichowki,14,0,0.57,26.7,0
Tolichowki,14,1,0.426,37.2,0
Tolichowki,14,2,0.52,34.8,0
Tolichowki,14,3,0.477,34.2,0
Tolichowki,14,4,0.539,25.1,0
Tolichowki,14,5,0.613,22.4,0
Tolichowki,14,6,0.492,34.2,0
Tolichowki,15,0,0.086,55.3,0
Tolichowki,15,1,0.197,48.6,0
Tolichowki,15,2,0.178,53.5,0
Tolichowki,15,3,0.329,43.4,0
Tolichowki,15,4,0.212,49.3,0
Tolichowki,15,5,0.118,58.7,0
Tolichowki,15,6,0.159,53.3,0
Tolichowki,16,0,0.248,45.0,0
Tolichowki,16,1,0.185,53.6,0
Tolichowki,16,2,0.213,50.9,0
Tolichowki,16,3,0.205,52.1,0
Tolichowki,16,4,0.15,48.8,0
Tolichowki,16,5,0.14,51.4,0
Tolichowki,16,6,0.206,48.6,0
Tolichowki,17,0,0.928,5.0,0
Tolichowki,17,1,0.931,5.0,0
Tolichowki,17,2,0.801,10.4,0
Tolichowki,17,3,0.621,28.1,0
Tolichowki,17,4,0.716,18.3,0
Tolichowki,17,5,0.783,17.5,0
Tolichowki,17,6,0.741,8.7,0
Tolichowki,18,0,0.809,11.3,0
Tolichowki,18,1,0.899,5.0,0
Tolichowki,18,2,0.787,11.9,0
Tolichowki,18,3,0.785,13.6,0
Tolichowki,18,4,0.975,5.0,0
Tolichowki,18,5,0.871,5.0,0
Tolichowki,18,6,0.718,14.5,0
Tolichowki,19,0,0.764,18.5,0
Tolichowki,19,1,0.854,12.1,0
Tolichowki,19,2,0.767,15.4,0
Tolichowki,19,3,0.819,10.2,0
Tolichowki,19,4,0.954,5.6,0
Tolichowki,19,5,0.792,11.7,0
Tolichowki,19,6,0.679,18.7,0
Tolichowki,20,0,0.852,7.2,0
Tolichowki,20,1,0.661,19.5,0
Tolichowki,20,2,0.88,8.4,0
Tolichowki,20,3,0.872,10.3,0
Tolichowki,20,4,0.638,21.2,0
Tolichowki,20,5,0.762,14.8,0
Tolichowki,20,6,0.779,8.0,0
Tolichowki,21,0,0.216,49.9,0
Tolichowki,21,1,0.217,44.9,0
Tolichowki,21,2,0.162,56.2,0
Tolichowki,21,3,0.07,48.8,0
Tolichowki,21,4,0.286,41.4,0
Tolichowki,21,5,0.107,51.6,0
Tolichowki,21,6,0.183,47.1,0
Tolichowki,22,0,0.181,45.1,0
Tolichowki,22,1,0.268,40.1,0
Tolichowki,22,2,0.299,40.3,0
Tolichowki,22,3,0.189,50.0,0
Tolichowki,22,4,0.241,46.5,0
Tolichowki,22,5,0.12,57.6,0
Tolichowki,22,6,0.167,47.8,0
Tolichowki,23,0,0.188,47.4,0
Tolichowki,23,1,0.236,48.2,0
Tolichowki,23,2,0.025,59.8,1
Tolichowki,23,3,0.209,42.0,0
Tolichowki,23,4,0.159,49.3,0
Tolichowki,23,5,0.123,51.4,0
Tolichowki,23,6,0.248,43.6,0
